{
  "best_epoch": 3,
  "peak_worker_0_memory_MB": 677.73046875,
  "training_duration": "0:02:26.799103",
  "training_start_epoch": 0,
  "training_epochs": 3,
  "epoch": 3,
  "training_precision-SAI": 0.9695780176643767,
  "training_recall-SAI": 0.9879999999999999,
  "training_f1-measure-SAI": 0.9787023278850416,
  "training_precision-CMP": 0.8749999999999998,
  "training_recall-CMP": 0.9239999999999998,
  "training_f1-measure-CMP": 0.8988326848248527,
  "training_precision-PER": 0.6796200345423143,
  "training_recall-PER": 0.5921745673438675,
  "training_f1-measure-PER": 0.6328910333734927,
  "training_precision-LRG": 0.9824912456228114,
  "training_recall-LRG": 0.982,
  "training_f1-measure-LRG": 0.9822455613902976,
  "training_precision-ART": 0.8525896414342627,
  "training_recall-ART": 0.8559999999999998,
  "training_f1-measure-ART": 0.8542914171656185,
  "training_precision-DMD": 0.9389534883720927,
  "training_recall-DMD": 0.6459999999999999,
  "training_f1-measure-DMD": 0.7654028436018473,
  "training_precision-LOC": 0.6456672991777356,
  "training_recall-LOC": 0.5788160580630528,
  "training_f1-measure-LOC": 0.6104167912455402,
  "training_precision-DAT": 0.940366972477064,
  "training_recall-DAT": 0.8199999999999998,
  "training_f1-measure-DAT": 0.8760683760683262,
  "training_precision-ORG": 0.38516405135520687,
  "training_recall-ORG": 0.2887700534759358,
  "training_f1-measure-ORG": 0.33007334963320284,
  "training_precision-SUP": 0.9979959919839679,
  "training_recall-SUP": 0.996,
  "training_f1-measure-SUP": 0.9969969969969471,
  "training_precision-overall": 0.7121962635048169,
  "training_recall-overall": 0.6326877100585565,
  "training_f1-measure-overall": 0.6700917431192163,
  "training_loss": 0.11633148199844157,
  "training_worker_0_memory_MB": 677.73046875,
  "validation_precision-SAI": 0.989999999999999,
  "validation_recall-SAI": 0.989999999999999,
  "validation_f1-measure-SAI": 0.989999999999949,
  "validation_precision-CMP": 0.9074074074074058,
  "validation_recall-CMP": 0.9799999999999981,
  "validation_f1-measure-CMP": 0.9423076923076407,
  "validation_precision-PER": 0.7087496215561611,
  "validation_recall-PER": 0.5887826961770624,
  "validation_f1-measure-PER": 0.6432202225579942,
  "validation_precision-LRG": 0.9900497512437806,
  "validation_recall-LRG": 0.9949999999999994,
  "validation_f1-measure-LRG": 0.9925187032418448,
  "validation_precision-ART": 0.8823529411764689,
  "validation_recall-ART": 0.8999999999999982,
  "validation_f1-measure-ART": 0.8910891089108395,
  "validation_precision-DMD": 0.9268292682926806,
  "validation_recall-DMD": 0.7599999999999985,
  "validation_f1-measure-DMD": 0.8351648351647839,
  "validation_precision-LOC": 0.6111111111111112,
  "validation_recall-LOC": 0.5516717325227963,
  "validation_f1-measure-LOC": 0.5798722044727936,
  "validation_precision-ORG": 0.27553269654665685,
  "validation_recall-ORG": 0.2819548872180451,
  "validation_f1-measure-ORG": 0.27870680044588086,
  "validation_precision-DAT": 0.8823529411764689,
  "validation_recall-DAT": 0.8999999999999982,
  "validation_f1-measure-DAT": 0.8910891089108395,
  "validation_precision-SUP": 0.9999999999999994,
  "validation_recall-SUP": 0.9999999999999994,
  "validation_f1-measure-SUP": 0.9999999999999494,
  "validation_precision-overall": 0.623907685413399,
  "validation_recall-overall": 0.5594735784609203,
  "validation_f1-measure-overall": 0.5899364406779163,
  "validation_loss": 0.12133478079494578,
  "best_validation_precision-SAI": 0.989999999999999,
  "best_validation_recall-SAI": 0.989999999999999,
  "best_validation_f1-measure-SAI": 0.989999999999949,
  "best_validation_precision-CMP": 0.9074074074074058,
  "best_validation_recall-CMP": 0.9799999999999981,
  "best_validation_f1-measure-CMP": 0.9423076923076407,
  "best_validation_precision-PER": 0.7087496215561611,
  "best_validation_recall-PER": 0.5887826961770624,
  "best_validation_f1-measure-PER": 0.6432202225579942,
  "best_validation_precision-LRG": 0.9900497512437806,
  "best_validation_recall-LRG": 0.9949999999999994,
  "best_validation_f1-measure-LRG": 0.9925187032418448,
  "best_validation_precision-ART": 0.8823529411764689,
  "best_validation_recall-ART": 0.8999999999999982,
  "best_validation_f1-measure-ART": 0.8910891089108395,
  "best_validation_precision-DMD": 0.9268292682926806,
  "best_validation_recall-DMD": 0.7599999999999985,
  "best_validation_f1-measure-DMD": 0.8351648351647839,
  "best_validation_precision-LOC": 0.6111111111111112,
  "best_validation_recall-LOC": 0.5516717325227963,
  "best_validation_f1-measure-LOC": 0.5798722044727936,
  "best_validation_precision-ORG": 0.27553269654665685,
  "best_validation_recall-ORG": 0.2819548872180451,
  "best_validation_f1-measure-ORG": 0.27870680044588086,
  "best_validation_precision-DAT": 0.8823529411764689,
  "best_validation_recall-DAT": 0.8999999999999982,
  "best_validation_f1-measure-DAT": 0.8910891089108395,
  "best_validation_precision-SUP": 0.9999999999999994,
  "best_validation_recall-SUP": 0.9999999999999994,
  "best_validation_f1-measure-SUP": 0.9999999999999494,
  "best_validation_precision-overall": 0.623907685413399,
  "best_validation_recall-overall": 0.5594735784609203,
  "best_validation_f1-measure-overall": 0.5899364406779163,
  "best_validation_loss": 0.12133478079494578
}