{
  "best_epoch": 18,
  "peak_worker_0_memory_MB": 687.5,
  "training_duration": "0:13:39.539241",
  "training_start_epoch": 0,
  "training_epochs": 22,
  "epoch": 22,
  "training_precision-SAI": 0.99500998003992,
  "training_recall-SAI": 0.9969999999999999,
  "training_f1-measure-SAI": 0.996003996003946,
  "training_precision-CMP": 0.9295499021526417,
  "training_recall-CMP": 0.9499999999999997,
  "training_f1-measure-CMP": 0.939663699307566,
  "training_precision-PER": 0.8506549280652781,
  "training_recall-PER": 0.8516607545952919,
  "training_f1-measure-PER": 0.8511575441800007,
  "training_precision-LRG": 0.993,
  "training_recall-LRG": 0.993,
  "training_f1-measure-LRG": 0.99299999999995,
  "training_precision-ART": 0.9659999999999997,
  "training_recall-ART": 0.9659999999999997,
  "training_f1-measure-ART": 0.9659999999999498,
  "training_precision-DMD": 0.9538784067085951,
  "training_recall-DMD": 0.9099999999999998,
  "training_f1-measure-DMD": 0.931422722620216,
  "training_precision-LOC": 0.8052325581395349,
  "training_recall-LOC": 0.8167384894533908,
  "training_f1-measure-LOC": 0.810944713433122,
  "training_precision-DAT": 0.9831932773109241,
  "training_recall-DAT": 0.9359999999999998,
  "training_f1-measure-DAT": 0.9590163934425728,
  "training_precision-ORG": 0.6168200408997955,
  "training_recall-ORG": 0.645187165775401,
  "training_f1-measure-ORG": 0.6306847882905929,
  "training_precision-SUP": 0.9965034965034965,
  "training_recall-SUP": 0.9975,
  "training_f1-measure-SUP": 0.9970014992503249,
  "training_precision-overall": 0.8372915093692086,
  "training_recall-overall": 0.8453276047261009,
  "training_f1-measure-overall": 0.8412903670752444,
  "training_loss": 0.033290981647797244,
  "training_worker_0_memory_MB": 687.5,
  "validation_precision-SAI": 0.9900990099009891,
  "validation_recall-SAI": 0.999999999999999,
  "validation_f1-measure-SAI": 0.9950248756218396,
  "validation_precision-CMP": 0.8846153846153829,
  "validation_recall-CMP": 0.9199999999999982,
  "validation_f1-measure-CMP": 0.9019607843136739,
  "validation_precision-PER": 0.8010093727469358,
  "validation_recall-PER": 0.8382796780684104,
  "validation_f1-measure-PER": 0.8192208430625038,
  "validation_precision-LRG": 0.9949999999999994,
  "validation_recall-LRG": 0.9949999999999994,
  "validation_f1-measure-LRG": 0.9949999999999495,
  "validation_precision-ART": 0.9038461538461521,
  "validation_recall-ART": 0.9399999999999982,
  "validation_f1-measure-ART": 0.9215686274509287,
  "validation_precision-DMD": 0.9111111111111091,
  "validation_recall-DMD": 0.8199999999999984,
  "validation_f1-measure-DMD": 0.8631578947367904,
  "validation_precision-LOC": 0.7727768685215494,
  "validation_recall-LOC": 0.7175785207700102,
  "validation_f1-measure-LOC": 0.7441555030207013,
  "validation_precision-ORG": 0.5127840909090909,
  "validation_recall-ORG": 0.5428571428571428,
  "validation_f1-measure-ORG": 0.5273922571219369,
  "validation_precision-DAT": 0.9056603773584889,
  "validation_recall-DAT": 0.9599999999999981,
  "validation_f1-measure-DAT": 0.9320388349514046,
  "validation_precision-SUP": 0.9999999999999994,
  "validation_recall-SUP": 0.9999999999999994,
  "validation_f1-measure-SUP": 0.9999999999999494,
  "validation_precision-overall": 0.7616220567518616,
  "validation_recall-overall": 0.7603978300180831,
  "validation_f1-measure-overall": 0.7610094510355421,
  "validation_loss": 0.0904302768843484,
  "best_validation_precision-SAI": 0.9900990099009891,
  "best_validation_recall-SAI": 0.999999999999999,
  "best_validation_f1-measure-SAI": 0.9950248756218396,
  "best_validation_precision-CMP": 0.8679245283018852,
  "best_validation_recall-CMP": 0.9199999999999982,
  "best_validation_f1-measure-CMP": 0.8932038834950939,
  "best_validation_precision-PER": 0.7680924855491329,
  "best_validation_recall-PER": 0.8355130784708249,
  "best_validation_f1-measure-PER": 0.8003854957233569,
  "best_validation_precision-LRG": 0.99502487562189,
  "best_validation_recall-LRG": 0.9999999999999994,
  "best_validation_f1-measure-LRG": 0.9975062344139145,
  "best_validation_precision-ART": 0.9607843137254883,
  "best_validation_recall-ART": 0.9799999999999981,
  "best_validation_f1-measure-ART": 0.9702970297029184,
  "best_validation_precision-DMD": 0.9545454545454524,
  "best_validation_recall-DMD": 0.8399999999999983,
  "best_validation_f1-measure-DMD": 0.8936170212765441,
  "best_validation_precision-LOC": 0.755467720685112,
  "best_validation_recall-LOC": 0.7261904761904762,
  "best_validation_f1-measure-LOC": 0.7405398424382815,
  "best_validation_precision-ORG": 0.4932287954383464,
  "best_validation_recall-ORG": 0.5203007518796993,
  "best_validation_f1-measure-ORG": 0.5064032199048165,
  "best_validation_precision-DAT": 0.9574468085106362,
  "best_validation_recall-DAT": 0.8999999999999982,
  "best_validation_f1-measure-DAT": 0.9278350515463399,
  "best_validation_precision-SUP": 0.9900990099009895,
  "best_validation_recall-SUP": 0.9999999999999994,
  "best_validation_f1-measure-SUP": 0.99502487562184,
  "best_validation_precision-overall": 0.7398747798865193,
  "best_validation_recall-overall": 0.7597950572634117,
  "best_validation_f1-measure-overall": 0.7497026169706081,
  "best_validation_loss": 0.08803048072471581
}