{
  "best_epoch": 18,
  "peak_worker_0_memory_MB": 688.234375,
  "training_duration": "0:15:25.791740",
  "training_start_epoch": 0,
  "training_epochs": 25,
  "epoch": 25,
  "training_precision-SAI": 0.9960119641076769,
  "training_recall-SAI": 0.9989999999999999,
  "training_f1-measure-SAI": 0.9975037443833749,
  "training_precision-CMP": 0.9108527131782944,
  "training_recall-CMP": 0.9399999999999998,
  "training_f1-measure-CMP": 0.9251968503936506,
  "training_precision-PER": 0.8603579466295145,
  "training_recall-PER": 0.8629474363108675,
  "training_f1-measure-PER": 0.8616507459482166,
  "training_precision-LRG": 0.9944889779559118,
  "training_recall-LRG": 0.9925,
  "training_f1-measure-LRG": 0.9934934934934435,
  "training_precision-ART": 0.9680638722554888,
  "training_recall-ART": 0.9699999999999998,
  "training_f1-measure-ART": 0.9690309690309188,
  "training_precision-DMD": 0.9580712788259956,
  "training_recall-DMD": 0.9139999999999998,
  "training_f1-measure-DMD": 0.9355168884339314,
  "training_precision-LOC": 0.8178079146287239,
  "training_recall-LOC": 0.834316171467453,
  "training_f1-measure-LOC": 0.8259795666329353,
  "training_precision-DAT": 0.9811320754716979,
  "training_recall-DAT": 0.9359999999999998,
  "training_f1-measure-DAT": 0.9580348004093664,
  "training_precision-ORG": 0.6163203243791181,
  "training_recall-ORG": 0.6502673796791444,
  "training_f1-measure-ORG": 0.6328389279208452,
  "training_precision-SUP": 0.9960079840319361,
  "training_recall-SUP": 0.998,
  "training_f1-measure-SUP": 0.997002997002947,
  "training_precision-overall": 0.8437446575717168,
  "training_recall-overall": 0.8550292782647864,
  "training_f1-measure-overall": 0.8493494871617866,
  "training_loss": 0.029589875813823448,
  "training_worker_0_memory_MB": 688.234375,
  "validation_precision-SAI": 0.989999999999999,
  "validation_recall-SAI": 0.989999999999999,
  "validation_f1-measure-SAI": 0.989999999999949,
  "validation_precision-CMP": 0.7894736842105249,
  "validation_recall-CMP": 0.8999999999999982,
  "validation_f1-measure-CMP": 0.8411214953270515,
  "validation_precision-PER": 0.822911455727864,
  "validation_recall-PER": 0.8274647887323944,
  "validation_f1-measure-PER": 0.8251818409831454,
  "validation_precision-LRG": 0.9849246231155774,
  "validation_recall-LRG": 0.9799999999999994,
  "validation_f1-measure-LRG": 0.9824561403508266,
  "validation_precision-ART": 0.8846153846153829,
  "validation_recall-ART": 0.9199999999999982,
  "validation_f1-measure-ART": 0.9019607843136739,
  "validation_precision-DMD": 0.9791666666666646,
  "validation_recall-DMD": 0.9399999999999982,
  "validation_f1-measure-DMD": 0.9591836734693359,
  "validation_precision-LOC": 0.714859437751004,
  "validation_recall-LOC": 0.7664640324214792,
  "validation_f1-measure-LOC": 0.7397628651753565,
  "validation_precision-ORG": 0.4882985452245414,
  "validation_recall-ORG": 0.5804511278195489,
  "validation_f1-measure-ORG": 0.5304019237374977,
  "validation_precision-DAT": 0.8999999999999982,
  "validation_recall-DAT": 0.8999999999999982,
  "validation_f1-measure-DAT": 0.8999999999999483,
  "validation_precision-SUP": 0.9999999999999994,
  "validation_recall-SUP": 0.9999999999999994,
  "validation_f1-measure-SUP": 0.9999999999999494,
  "validation_precision-overall": 0.738353299106294,
  "validation_recall-overall": 0.7801888687964638,
  "validation_f1-measure-overall": 0.7586948026572381,
  "validation_loss": 0.09376115505011474,
  "best_validation_precision-SAI": 0.9900990099009891,
  "best_validation_recall-SAI": 0.999999999999999,
  "best_validation_f1-measure-SAI": 0.9950248756218396,
  "best_validation_precision-CMP": 0.8679245283018852,
  "best_validation_recall-CMP": 0.9199999999999982,
  "best_validation_f1-measure-CMP": 0.8932038834950939,
  "best_validation_precision-PER": 0.7680924855491329,
  "best_validation_recall-PER": 0.8355130784708249,
  "best_validation_f1-measure-PER": 0.8003854957233569,
  "best_validation_precision-LRG": 0.99502487562189,
  "best_validation_recall-LRG": 0.9999999999999994,
  "best_validation_f1-measure-LRG": 0.9975062344139145,
  "best_validation_precision-ART": 0.9607843137254883,
  "best_validation_recall-ART": 0.9799999999999981,
  "best_validation_f1-measure-ART": 0.9702970297029184,
  "best_validation_precision-DMD": 0.9545454545454524,
  "best_validation_recall-DMD": 0.8399999999999983,
  "best_validation_f1-measure-DMD": 0.8936170212765441,
  "best_validation_precision-LOC": 0.755467720685112,
  "best_validation_recall-LOC": 0.7261904761904762,
  "best_validation_f1-measure-LOC": 0.7405398424382815,
  "best_validation_precision-ORG": 0.4932287954383464,
  "best_validation_recall-ORG": 0.5203007518796993,
  "best_validation_f1-measure-ORG": 0.5064032199048165,
  "best_validation_precision-DAT": 0.9574468085106362,
  "best_validation_recall-DAT": 0.8999999999999982,
  "best_validation_f1-measure-DAT": 0.9278350515463399,
  "best_validation_precision-SUP": 0.9900990099009895,
  "best_validation_recall-SUP": 0.9999999999999994,
  "best_validation_f1-measure-SUP": 0.99502487562184,
  "best_validation_precision-overall": 0.7398747798865193,
  "best_validation_recall-overall": 0.7597950572634117,
  "best_validation_f1-measure-overall": 0.7497026169706081,
  "best_validation_loss": 0.08803048072471581
}