{
  "best_epoch": 18,
  "peak_worker_0_memory_MB": 688.234375,
  "training_duration": "0:14:51.091825",
  "training_start_epoch": 0,
  "training_epochs": 24,
  "epoch": 24,
  "training_precision-SAI": 0.9990009990009989,
  "training_recall-SAI": 0.9999999999999999,
  "training_f1-measure-SAI": 0.9995002498750124,
  "training_precision-CMP": 0.9190751445086703,
  "training_recall-CMP": 0.9539999999999997,
  "training_f1-measure-CMP": 0.9362119725220304,
  "training_precision-PER": 0.8598643848886018,
  "training_recall-PER": 0.8587552402450822,
  "training_f1-measure-PER": 0.8593094546627446,
  "training_precision-LRG": 0.9945082376435347,
  "training_recall-LRG": 0.996,
  "training_f1-measure-LRG": 0.9952535598300774,
  "training_precision-ART": 0.9622266401590455,
  "training_recall-ART": 0.9679999999999997,
  "training_f1-measure-ART": 0.9651046859421233,
  "training_precision-DMD": 0.9561586638830896,
  "training_recall-DMD": 0.9159999999999998,
  "training_f1-measure-DMD": 0.9356486210418293,
  "training_precision-LOC": 0.8174647261415399,
  "training_recall-LOC": 0.8344295758675436,
  "training_f1-measure-LOC": 0.8258600370390656,
  "training_precision-DAT": 0.9811715481171546,
  "training_recall-DAT": 0.9379999999999998,
  "training_f1-measure-DAT": 0.9591002044989274,
  "training_precision-ORG": 0.6167007150153218,
  "training_recall-ORG": 0.6457219251336899,
  "training_f1-measure-ORG": 0.6308777429466585,
  "training_precision-SUP": 0.9995002498750625,
  "training_recall-SUP": 1.0,
  "training_f1-measure-SUP": 0.999750062484329,
  "training_precision-overall": 0.8441353795560428,
  "training_recall-overall": 0.8538165690724507,
  "training_f1-measure-overall": 0.8489483747609443,
  "training_loss": 0.030504399735419914,
  "training_worker_0_memory_MB": 688.234375,
  "validation_precision-SAI": 0.999999999999999,
  "validation_recall-SAI": 0.999999999999999,
  "validation_f1-measure-SAI": 0.9999999999999489,
  "validation_precision-CMP": 0.8333333333333318,
  "validation_recall-CMP": 0.8999999999999982,
  "validation_f1-measure-CMP": 0.8653846153845639,
  "validation_precision-PER": 0.8175237144283575,
  "validation_recall-PER": 0.8236921529175051,
  "validation_f1-measure-PER": 0.8205963417689304,
  "validation_precision-LRG": 0.9949999999999994,
  "validation_recall-LRG": 0.9949999999999994,
  "validation_f1-measure-LRG": 0.9949999999999495,
  "validation_precision-ART": 0.9599999999999981,
  "validation_recall-ART": 0.9599999999999981,
  "validation_f1-measure-ART": 0.9599999999999481,
  "validation_precision-DMD": 0.9374999999999981,
  "validation_recall-DMD": 0.8999999999999982,
  "validation_f1-measure-DMD": 0.9183673469387238,
  "validation_precision-LOC": 0.7367382186035035,
  "validation_recall-LOC": 0.7563323201621074,
  "validation_f1-measure-LOC": 0.7464066991625546,
  "validation_precision-ORG": 0.4954367666232073,
  "validation_recall-ORG": 0.5714285714285714,
  "validation_f1-measure-ORG": 0.5307262569831905,
  "validation_precision-DAT": 0.9148936170212747,
  "validation_recall-DAT": 0.8599999999999983,
  "validation_f1-measure-DAT": 0.8865979381442782,
  "validation_precision-SUP": 0.9900497512437806,
  "validation_recall-SUP": 0.9949999999999994,
  "validation_f1-measure-SUP": 0.9925187032418448,
  "validation_precision-overall": 0.7480812202467696,
  "validation_recall-overall": 0.7735583684950773,
  "validation_f1-measure-overall": 0.7606065096063115,
  "validation_loss": 0.09012186115947297,
  "best_validation_precision-SAI": 0.9900990099009891,
  "best_validation_recall-SAI": 0.999999999999999,
  "best_validation_f1-measure-SAI": 0.9950248756218396,
  "best_validation_precision-CMP": 0.8679245283018852,
  "best_validation_recall-CMP": 0.9199999999999982,
  "best_validation_f1-measure-CMP": 0.8932038834950939,
  "best_validation_precision-PER": 0.7680924855491329,
  "best_validation_recall-PER": 0.8355130784708249,
  "best_validation_f1-measure-PER": 0.8003854957233569,
  "best_validation_precision-LRG": 0.99502487562189,
  "best_validation_recall-LRG": 0.9999999999999994,
  "best_validation_f1-measure-LRG": 0.9975062344139145,
  "best_validation_precision-ART": 0.9607843137254883,
  "best_validation_recall-ART": 0.9799999999999981,
  "best_validation_f1-measure-ART": 0.9702970297029184,
  "best_validation_precision-DMD": 0.9545454545454524,
  "best_validation_recall-DMD": 0.8399999999999983,
  "best_validation_f1-measure-DMD": 0.8936170212765441,
  "best_validation_precision-LOC": 0.755467720685112,
  "best_validation_recall-LOC": 0.7261904761904762,
  "best_validation_f1-measure-LOC": 0.7405398424382815,
  "best_validation_precision-ORG": 0.4932287954383464,
  "best_validation_recall-ORG": 0.5203007518796993,
  "best_validation_f1-measure-ORG": 0.5064032199048165,
  "best_validation_precision-DAT": 0.9574468085106362,
  "best_validation_recall-DAT": 0.8999999999999982,
  "best_validation_f1-measure-DAT": 0.9278350515463399,
  "best_validation_precision-SUP": 0.9900990099009895,
  "best_validation_recall-SUP": 0.9999999999999994,
  "best_validation_f1-measure-SUP": 0.99502487562184,
  "best_validation_precision-overall": 0.7398747798865193,
  "best_validation_recall-overall": 0.7597950572634117,
  "best_validation_f1-measure-overall": 0.7497026169706081,
  "best_validation_loss": 0.08803048072471581
}