{
  "best_epoch": 12,
  "peak_worker_0_memory_MB": 668.73046875,
  "training_duration": "0:07:35.300029",
  "training_start_epoch": 0,
  "training_epochs": 12,
  "epoch": 12,
  "training_precision-DMD": 0.9959100204498975,
  "training_recall-DMD": 0.9739999999999998,
  "training_f1-measure-DMD": 0.9848331648128921,
  "training_precision-CMP": 0.960238568588469,
  "training_recall-CMP": 0.9659999999999997,
  "training_f1-measure-CMP": 0.9631106679959618,
  "training_precision-LOC": 0.7633421324457706,
  "training_recall-LOC": 0.7542526650034022,
  "training_f1-measure-LOC": 0.7587701785408204,
  "training_precision-DAT": 0.9858012170385393,
  "training_recall-DAT": 0.9719999999999998,
  "training_f1-measure-DAT": 0.9788519637461734,
  "training_precision-ORG": 0.6104319478402608,
  "training_recall-ORG": 0.6008021390374332,
  "training_f1-measure-ORG": 0.6055787629699001,
  "training_precision-LRG": 0.9940179461615155,
  "training_recall-LRG": 0.997,
  "training_f1-measure-LRG": 0.9955067398901147,
  "training_precision-PER": 0.8064905163907466,
  "training_recall-PER": 0.7907126733311834,
  "training_f1-measure-PER": 0.798523664785013,
  "training_precision-ART": 0.9680638722554888,
  "training_recall-ART": 0.9699999999999998,
  "training_f1-measure-ART": 0.9690309690309188,
  "training_precision-SAI": 0.9890438247011951,
  "training_recall-SAI": 0.9929999999999999,
  "training_f1-measure-SAI": 0.9910179640718062,
  "training_precision-SUP": 0.9995,
  "training_recall-SUP": 0.9995,
  "training_f1-measure-SUP": 0.9994999999999501,
  "training_precision-overall": 0.8130546105012101,
  "training_recall-overall": 0.8031946225009529,
  "training_f1-measure-overall": 0.8080945408909771,
  "training_loss": 0.04902660780330471,
  "training_worker_0_memory_MB": 668.73046875,
  "validation_precision-DMD": 0.9423076923076905,
  "validation_recall-DMD": 0.9799999999999981,
  "validation_f1-measure-DMD": 0.9607843137254385,
  "validation_precision-CMP": 0.9599999999999981,
  "validation_recall-CMP": 0.9599999999999981,
  "validation_f1-measure-CMP": 0.9599999999999481,
  "validation_precision-LOC": 0.7421097526300825,
  "validation_recall-LOC": 0.6610942249240122,
  "validation_f1-measure-LOC": 0.6992632283991466,
  "validation_precision-DAT": 0.9795918367346919,
  "validation_recall-DAT": 0.9599999999999981,
  "validation_f1-measure-DAT": 0.9696969696969178,
  "validation_precision-ORG": 0.4899919935948759,
  "validation_recall-ORG": 0.46015037593984964,
  "validation_f1-measure-ORG": 0.4746025591313964,
  "validation_precision-LRG": 0.9754901960784308,
  "validation_recall-LRG": 0.9949999999999994,
  "validation_f1-measure-LRG": 0.9851485148514346,
  "validation_precision-PER": 0.7440645773979108,
  "validation_recall-PER": 0.7882293762575453,
  "validation_f1-measure-PER": 0.7655105031753286,
  "validation_precision-SAI": 0.9702970297029694,
  "validation_recall-SAI": 0.979999999999999,
  "validation_f1-measure-SAI": 0.9751243781094017,
  "validation_precision-ART": 0.8703703703703688,
  "validation_recall-ART": 0.9399999999999982,
  "validation_f1-measure-ART": 0.9038461538461022,
  "validation_precision-SUP": 0.9900990099009895,
  "validation_recall-SUP": 0.9999999999999994,
  "validation_f1-measure-SUP": 0.99502487562184,
  "validation_precision-overall": 0.7270381836945304,
  "validation_recall-overall": 0.7077556761101065,
  "validation_f1-measure-overall": 0.7172673589899725,
  "validation_loss": 0.09024894040233274,
  "best_validation_precision-DMD": 0.9423076923076905,
  "best_validation_recall-DMD": 0.9799999999999981,
  "best_validation_f1-measure-DMD": 0.9607843137254385,
  "best_validation_precision-CMP": 0.9599999999999981,
  "best_validation_recall-CMP": 0.9599999999999981,
  "best_validation_f1-measure-CMP": 0.9599999999999481,
  "best_validation_precision-LOC": 0.7421097526300825,
  "best_validation_recall-LOC": 0.6610942249240122,
  "best_validation_f1-measure-LOC": 0.6992632283991466,
  "best_validation_precision-DAT": 0.9795918367346919,
  "best_validation_recall-DAT": 0.9599999999999981,
  "best_validation_f1-measure-DAT": 0.9696969696969178,
  "best_validation_precision-ORG": 0.4899919935948759,
  "best_validation_recall-ORG": 0.46015037593984964,
  "best_validation_f1-measure-ORG": 0.4746025591313964,
  "best_validation_precision-LRG": 0.9754901960784308,
  "best_validation_recall-LRG": 0.9949999999999994,
  "best_validation_f1-measure-LRG": 0.9851485148514346,
  "best_validation_precision-PER": 0.7440645773979108,
  "best_validation_recall-PER": 0.7882293762575453,
  "best_validation_f1-measure-PER": 0.7655105031753286,
  "best_validation_precision-SAI": 0.9702970297029694,
  "best_validation_recall-SAI": 0.979999999999999,
  "best_validation_f1-measure-SAI": 0.9751243781094017,
  "best_validation_precision-ART": 0.8703703703703688,
  "best_validation_recall-ART": 0.9399999999999982,
  "best_validation_f1-measure-ART": 0.9038461538461022,
  "best_validation_precision-SUP": 0.9900990099009895,
  "best_validation_recall-SUP": 0.9999999999999994,
  "best_validation_f1-measure-SUP": 0.99502487562184,
  "best_validation_precision-overall": 0.7270381836945304,
  "best_validation_recall-overall": 0.7077556761101065,
  "best_validation_f1-measure-overall": 0.7172673589899725,
  "best_validation_loss": 0.09024894040233274
}