{
  "best_epoch": 18,
  "peak_worker_0_memory_MB": 687.5,
  "training_duration": "0:11:55.636321",
  "training_start_epoch": 0,
  "training_epochs": 19,
  "epoch": 19,
  "training_precision-SAI": 0.9980019980019978,
  "training_recall-SAI": 0.9989999999999999,
  "training_f1-measure-SAI": 0.9985007496251372,
  "training_precision-CMP": 0.9296874999999998,
  "training_recall-CMP": 0.9519999999999997,
  "training_f1-measure-CMP": 0.9407114624505427,
  "training_precision-PER": 0.8446236559139785,
  "training_recall-PER": 0.8443512845318715,
  "training_f1-measure-PER": 0.8444874482609831,
  "training_precision-LRG": 0.9969984992496248,
  "training_recall-LRG": 0.9965,
  "training_f1-measure-LRG": 0.9967491872967743,
  "training_precision-ART": 0.9600798403193611,
  "training_recall-ART": 0.9619999999999997,
  "training_f1-measure-ART": 0.961038961038911,
  "training_precision-DMD": 0.9604989604989602,
  "training_recall-DMD": 0.9239999999999998,
  "training_f1-measure-DMD": 0.9418960244647816,
  "training_precision-LOC": 0.7981867024848892,
  "training_recall-LOC": 0.8086867770469495,
  "training_f1-measure-LOC": 0.8034024335285666,
  "training_precision-DAT": 0.9894957983193275,
  "training_recall-DAT": 0.9419999999999998,
  "training_f1-measure-DAT": 0.9651639344261794,
  "training_precision-ORG": 0.5992248062015504,
  "training_recall-ORG": 0.6200534759358288,
  "training_f1-measure-ORG": 0.60946123521677,
  "training_precision-SUP": 0.9985007496251874,
  "training_recall-SUP": 0.999,
  "training_f1-measure-SUP": 0.9987503124218446,
  "training_precision-overall": 0.8318142734307825,
  "training_recall-overall": 0.8379820519039535,
  "training_f1-measure-overall": 0.8348867716100026,
  "training_loss": 0.035799084304261555,
  "training_worker_0_memory_MB": 687.5,
  "validation_precision-SAI": 0.999999999999999,
  "validation_recall-SAI": 0.999999999999999,
  "validation_f1-measure-SAI": 0.9999999999999489,
  "validation_precision-CMP": 0.862745098039214,
  "validation_recall-CMP": 0.8799999999999982,
  "validation_f1-measure-CMP": 0.8712871287128197,
  "validation_precision-PER": 0.7967180994366887,
  "validation_recall-PER": 0.818158953722334,
  "validation_f1-measure-PER": 0.8072961905943166,
  "validation_precision-LRG": 0.9999999999999994,
  "validation_recall-LRG": 0.9949999999999994,
  "validation_f1-measure-LRG": 0.9974937343357891,
  "validation_precision-ART": 0.9230769230769214,
  "validation_recall-ART": 0.9599999999999981,
  "validation_f1-measure-ART": 0.9411764705881837,
  "validation_precision-DMD": 0.8599999999999983,
  "validation_recall-DMD": 0.8599999999999983,
  "validation_f1-measure-DMD": 0.8599999999999484,
  "validation_precision-LOC": 0.7618380498739142,
  "validation_recall-LOC": 0.6887031408308004,
  "validation_f1-measure-LOC": 0.7234268990288182,
  "validation_precision-ORG": 0.4597776324395029,
  "validation_recall-ORG": 0.5285714285714286,
  "validation_f1-measure-ORG": 0.49178034277714505,
  "validation_precision-DAT": 0.9361702127659555,
  "validation_recall-DAT": 0.8799999999999982,
  "validation_f1-measure-DAT": 0.907216494845309,
  "validation_precision-SUP": 0.9900497512437806,
  "validation_recall-SUP": 0.9949999999999994,
  "validation_f1-measure-SUP": 0.9925187032418448,
  "validation_precision-overall": 0.7440542455217083,
  "validation_recall-overall": 0.738597548724131,
  "validation_f1-measure-overall": 0.7413158558103861,
  "validation_loss": 0.09111284703029504,
  "best_validation_precision-SAI": 0.9900990099009891,
  "best_validation_recall-SAI": 0.999999999999999,
  "best_validation_f1-measure-SAI": 0.9950248756218396,
  "best_validation_precision-CMP": 0.8679245283018852,
  "best_validation_recall-CMP": 0.9199999999999982,
  "best_validation_f1-measure-CMP": 0.8932038834950939,
  "best_validation_precision-PER": 0.7680924855491329,
  "best_validation_recall-PER": 0.8355130784708249,
  "best_validation_f1-measure-PER": 0.8003854957233569,
  "best_validation_precision-LRG": 0.99502487562189,
  "best_validation_recall-LRG": 0.9999999999999994,
  "best_validation_f1-measure-LRG": 0.9975062344139145,
  "best_validation_precision-ART": 0.9607843137254883,
  "best_validation_recall-ART": 0.9799999999999981,
  "best_validation_f1-measure-ART": 0.9702970297029184,
  "best_validation_precision-DMD": 0.9545454545454524,
  "best_validation_recall-DMD": 0.8399999999999983,
  "best_validation_f1-measure-DMD": 0.8936170212765441,
  "best_validation_precision-LOC": 0.755467720685112,
  "best_validation_recall-LOC": 0.7261904761904762,
  "best_validation_f1-measure-LOC": 0.7405398424382815,
  "best_validation_precision-ORG": 0.4932287954383464,
  "best_validation_recall-ORG": 0.5203007518796993,
  "best_validation_f1-measure-ORG": 0.5064032199048165,
  "best_validation_precision-DAT": 0.9574468085106362,
  "best_validation_recall-DAT": 0.8999999999999982,
  "best_validation_f1-measure-DAT": 0.9278350515463399,
  "best_validation_precision-SUP": 0.9900990099009895,
  "best_validation_recall-SUP": 0.9999999999999994,
  "best_validation_f1-measure-SUP": 0.99502487562184,
  "best_validation_precision-overall": 0.7398747798865193,
  "best_validation_recall-overall": 0.7597950572634117,
  "best_validation_f1-measure-overall": 0.7497026169706081,
  "best_validation_loss": 0.08803048072471581
}