{
  "best_epoch": 9,
  "peak_worker_0_memory_MB": 666.546875,
  "training_duration": "0:05:50.546582",
  "training_start_epoch": 0,
  "training_epochs": 9,
  "epoch": 9,
  "training_precision-DMD": 0.993914807302231,
  "training_recall-DMD": 0.9799999999999998,
  "training_f1-measure-DMD": 0.9869083585095167,
  "training_precision-CMP": 0.9505928853754939,
  "training_recall-CMP": 0.9619999999999997,
  "training_f1-measure-CMP": 0.9562624254472659,
  "training_precision-LOC": 0.728651879094357,
  "training_recall-LOC": 0.7189838965751871,
  "training_f1-measure-LOC": 0.7237856042011032,
  "training_precision-DAT": 0.9918200408997953,
  "training_recall-DAT": 0.9699999999999998,
  "training_f1-measure-DAT": 0.9807886754296767,
  "training_precision-ORG": 0.5764348785871964,
  "training_recall-ORG": 0.5585561497326204,
  "training_f1-measure-ORG": 0.5673546985333559,
  "training_precision-LRG": 0.9965069860279441,
  "training_recall-LRG": 0.9985,
  "training_f1-measure-LRG": 0.9975024975024475,
  "training_precision-PER": 0.7797632343086889,
  "training_recall-PER": 0.7505105879823712,
  "training_f1-measure-PER": 0.7648573150024148,
  "training_precision-ART": 0.9662027833001986,
  "training_recall-ART": 0.9719999999999998,
  "training_f1-measure-ART": 0.9690927218344463,
  "training_precision-SAI": 0.9910358565737051,
  "training_recall-SAI": 0.9949999999999999,
  "training_f1-measure-SAI": 0.9930139720558382,
  "training_precision-SUP": 0.9975024975024975,
  "training_recall-SUP": 0.9985,
  "training_f1-measure-SUP": 0.9980009995001998,
  "training_precision-overall": 0.79002828854314,
  "training_recall-overall": 0.7741242507189633,
  "training_f1-measure-overall": 0.7819954148509326,
  "training_loss": 0.060379616111354596,
  "training_worker_0_memory_MB": 666.546875,
  "validation_precision-DMD": 0.9259259259259243,
  "validation_recall-DMD": 0.999999999999998,
  "validation_f1-measure-DMD": 0.9615384615384098,
  "validation_precision-CMP": 0.9423076923076905,
  "validation_recall-CMP": 0.9799999999999981,
  "validation_f1-measure-CMP": 0.9607843137254385,
  "validation_precision-LOC": 0.6934700485698867,
  "validation_recall-LOC": 0.6509625126646403,
  "validation_f1-measure-LOC": 0.6715442905669738,
  "validation_precision-DAT": 0.999999999999998,
  "validation_recall-DAT": 0.9799999999999981,
  "validation_f1-measure-DAT": 0.989898989898938,
  "validation_precision-ORG": 0.4597315436241611,
  "validation_recall-ORG": 0.4120300751879699,
  "validation_f1-measure-ORG": 0.4345757335447558,
  "validation_precision-LRG": 0.9851485148514846,
  "validation_recall-LRG": 0.9949999999999994,
  "validation_f1-measure-LRG": 0.9900497512437306,
  "validation_precision-PER": 0.7357933579335794,
  "validation_recall-PER": 0.7522635814889336,
  "validation_f1-measure-PER": 0.7439373212286529,
  "validation_precision-SAI": 0.9607843137254892,
  "validation_recall-SAI": 0.979999999999999,
  "validation_f1-measure-SAI": 0.9702970297029194,
  "validation_precision-ART": 0.9056603773584889,
  "validation_recall-ART": 0.9599999999999981,
  "validation_f1-measure-ART": 0.9320388349514046,
  "validation_precision-SUP": 0.99502487562189,
  "validation_recall-SUP": 0.9999999999999994,
  "validation_f1-measure-SUP": 0.9975062344139145,
  "validation_precision-overall": 0.7029764365440264,
  "validation_recall-overall": 0.6833433795459112,
  "validation_f1-measure-overall": 0.6930208863983198,
  "validation_loss": 0.09271138888056174,
  "best_validation_precision-DMD": 0.9259259259259243,
  "best_validation_recall-DMD": 0.999999999999998,
  "best_validation_f1-measure-DMD": 0.9615384615384098,
  "best_validation_precision-CMP": 0.9423076923076905,
  "best_validation_recall-CMP": 0.9799999999999981,
  "best_validation_f1-measure-CMP": 0.9607843137254385,
  "best_validation_precision-LOC": 0.6934700485698867,
  "best_validation_recall-LOC": 0.6509625126646403,
  "best_validation_f1-measure-LOC": 0.6715442905669738,
  "best_validation_precision-DAT": 0.999999999999998,
  "best_validation_recall-DAT": 0.9799999999999981,
  "best_validation_f1-measure-DAT": 0.989898989898938,
  "best_validation_precision-ORG": 0.4597315436241611,
  "best_validation_recall-ORG": 0.4120300751879699,
  "best_validation_f1-measure-ORG": 0.4345757335447558,
  "best_validation_precision-LRG": 0.9851485148514846,
  "best_validation_recall-LRG": 0.9949999999999994,
  "best_validation_f1-measure-LRG": 0.9900497512437306,
  "best_validation_precision-PER": 0.7357933579335794,
  "best_validation_recall-PER": 0.7522635814889336,
  "best_validation_f1-measure-PER": 0.7439373212286529,
  "best_validation_precision-SAI": 0.9607843137254892,
  "best_validation_recall-SAI": 0.979999999999999,
  "best_validation_f1-measure-SAI": 0.9702970297029194,
  "best_validation_precision-ART": 0.9056603773584889,
  "best_validation_recall-ART": 0.9599999999999981,
  "best_validation_f1-measure-ART": 0.9320388349514046,
  "best_validation_precision-SUP": 0.99502487562189,
  "best_validation_recall-SUP": 0.9999999999999994,
  "best_validation_f1-measure-SUP": 0.9975062344139145,
  "best_validation_precision-overall": 0.7029764365440264,
  "best_validation_recall-overall": 0.6833433795459112,
  "best_validation_f1-measure-overall": 0.6930208863983198,
  "best_validation_loss": 0.09271138888056174
}