{
  "best_epoch": 2,
  "peak_worker_0_memory_MB": 677.73046875,
  "training_duration": "0:01:48.449828",
  "training_start_epoch": 0,
  "training_epochs": 2,
  "epoch": 2,
  "training_precision-SAI": 0.9401373895976446,
  "training_recall-SAI": 0.9579999999999999,
  "training_f1-measure-SAI": 0.9489846458642391,
  "training_precision-CMP": 0.8371212121212119,
  "training_recall-CMP": 0.8839999999999998,
  "training_f1-measure-CMP": 0.8599221789882767,
  "training_precision-PER": 0.6377551020408163,
  "training_recall-PER": 0.5374610340750295,
  "training_f1-measure-PER": 0.5833284722626815,
  "training_precision-LRG": 0.9825087456271864,
  "training_recall-LRG": 0.983,
  "training_f1-measure-LRG": 0.9827543114220945,
  "training_precision-ART": 0.7848605577689242,
  "training_recall-ART": 0.7879999999999998,
  "training_f1-measure-ART": 0.7864271457085328,
  "training_precision-DMD": 0.9759999999999992,
  "training_recall-DMD": 0.24399999999999994,
  "training_f1-measure-DMD": 0.3903999999999679,
  "training_precision-LOC": 0.6119193466054109,
  "training_recall-LOC": 0.5437740984350192,
  "training_f1-measure-LOC": 0.5758376366037691,
  "training_precision-DAT": 0.9274924471299091,
  "training_recall-DAT": 0.6139999999999999,
  "training_f1-measure-DAT": 0.7388688327316005,
  "training_precision-ORG": 0.27548980407836865,
  "training_recall-ORG": 0.1842245989304813,
  "training_f1-measure-ORG": 0.22079794904657912,
  "training_precision-SUP": 0.9959979989994997,
  "training_recall-SUP": 0.9955,
  "training_f1-measure-SUP": 0.9957489372342585,
  "training_precision-overall": 0.6751478810469168,
  "training_recall-overall": 0.5773881708880496,
  "training_f1-measure-overall": 0.6224529817155807,
  "training_loss": 0.13490038917423647,
  "training_worker_0_memory_MB": 677.73046875,
  "validation_precision-SAI": 0.999999999999999,
  "validation_recall-SAI": 0.999999999999999,
  "validation_f1-measure-SAI": 0.9999999999999489,
  "validation_precision-CMP": 0.8448275862068951,
  "validation_recall-CMP": 0.9799999999999981,
  "validation_f1-measure-CMP": 0.907407407407356,
  "validation_precision-PER": 0.6299359658484525,
  "validation_recall-PER": 0.5938128772635815,
  "validation_f1-measure-PER": 0.6113412739512705,
  "validation_precision-LRG": 0.9900497512437806,
  "validation_recall-LRG": 0.9949999999999994,
  "validation_f1-measure-LRG": 0.9925187032418448,
  "validation_precision-ART": 0.8399999999999983,
  "validation_recall-ART": 0.8399999999999983,
  "validation_f1-measure-ART": 0.8399999999999483,
  "validation_precision-DMD": 0.8684210526315767,
  "validation_recall-DMD": 0.6599999999999987,
  "validation_f1-measure-DMD": 0.7499999999999493,
  "validation_precision-LOC": 0.5880116959064328,
  "validation_recall-LOC": 0.5093718338399189,
  "validation_f1-measure-LOC": 0.5458740499456615,
  "validation_precision-ORG": 0.29967426710097717,
  "validation_recall-ORG": 0.13834586466165413,
  "validation_f1-measure-ORG": 0.18930041152259053,
  "validation_precision-DAT": 0.9130434782608676,
  "validation_recall-DAT": 0.8399999999999983,
  "validation_f1-measure-DAT": 0.8749999999999483,
  "validation_precision-SUP": 0.99502487562189,
  "validation_recall-SUP": 0.9999999999999994,
  "validation_f1-measure-SUP": 0.9975062344139145,
  "validation_precision-overall": 0.6159745162812648,
  "validation_recall-overall": 0.5245127586899739,
  "validation_f1-measure-overall": 0.5665762344003844,
  "validation_loss": 0.13494700569750903,
  "best_validation_precision-SAI": 0.999999999999999,
  "best_validation_recall-SAI": 0.999999999999999,
  "best_validation_f1-measure-SAI": 0.9999999999999489,
  "best_validation_precision-CMP": 0.8448275862068951,
  "best_validation_recall-CMP": 0.9799999999999981,
  "best_validation_f1-measure-CMP": 0.907407407407356,
  "best_validation_precision-PER": 0.6299359658484525,
  "best_validation_recall-PER": 0.5938128772635815,
  "best_validation_f1-measure-PER": 0.6113412739512705,
  "best_validation_precision-LRG": 0.9900497512437806,
  "best_validation_recall-LRG": 0.9949999999999994,
  "best_validation_f1-measure-LRG": 0.9925187032418448,
  "best_validation_precision-ART": 0.8399999999999983,
  "best_validation_recall-ART": 0.8399999999999983,
  "best_validation_f1-measure-ART": 0.8399999999999483,
  "best_validation_precision-DMD": 0.8684210526315767,
  "best_validation_recall-DMD": 0.6599999999999987,
  "best_validation_f1-measure-DMD": 0.7499999999999493,
  "best_validation_precision-LOC": 0.5880116959064328,
  "best_validation_recall-LOC": 0.5093718338399189,
  "best_validation_f1-measure-LOC": 0.5458740499456615,
  "best_validation_precision-ORG": 0.29967426710097717,
  "best_validation_recall-ORG": 0.13834586466165413,
  "best_validation_f1-measure-ORG": 0.18930041152259053,
  "best_validation_precision-DAT": 0.9130434782608676,
  "best_validation_recall-DAT": 0.8399999999999983,
  "best_validation_f1-measure-DAT": 0.8749999999999483,
  "best_validation_precision-SUP": 0.99502487562189,
  "best_validation_recall-SUP": 0.9999999999999994,
  "best_validation_f1-measure-SUP": 0.9975062344139145,
  "best_validation_precision-overall": 0.6159745162812648,
  "best_validation_recall-overall": 0.5245127586899739,
  "best_validation_f1-measure-overall": 0.5665762344003844,
  "best_validation_loss": 0.13494700569750903
}