{
  "best_epoch": 8,
  "peak_worker_0_memory_MB": 664.609375,
  "training_duration": "0:05:14.548936",
  "training_start_epoch": 0,
  "training_epochs": 8,
  "epoch": 8,
  "training_precision-DMD": 0.9979716024340769,
  "training_recall-DMD": 0.9839999999999998,
  "training_f1-measure-DMD": 0.9909365558911886,
  "training_precision-CMP": 0.9525691699604741,
  "training_recall-CMP": 0.9639999999999997,
  "training_f1-measure-CMP": 0.9582504970178425,
  "training_precision-LOC": 0.7235952436465376,
  "training_recall-LOC": 0.7039011113631208,
  "training_f1-measure-LOC": 0.7136123246722885,
  "training_precision-DAT": 0.9958847736625512,
  "training_recall-DAT": 0.9679999999999997,
  "training_f1-measure-DAT": 0.9817444219066435,
  "training_precision-ORG": 0.565550510783201,
  "training_recall-ORG": 0.5328877005347593,
  "training_f1-measure-ORG": 0.5487334801761616,
  "training_precision-LRG": 0.9920199501246882,
  "training_recall-LRG": 0.9945,
  "training_f1-measure-LRG": 0.9932584269662422,
  "training_precision-PER": 0.7728699551569507,
  "training_recall-PER": 0.7410512737826508,
  "training_f1-measure-PER": 0.7566262415628102,
  "training_precision-ART": 0.9662027833001986,
  "training_recall-ART": 0.9719999999999998,
  "training_f1-measure-ART": 0.9690927218344463,
  "training_precision-SAI": 0.9812067260138476,
  "training_recall-SAI": 0.9919999999999999,
  "training_f1-measure-SAI": 0.9865738438587267,
  "training_precision-SUP": 0.9984992496248124,
  "training_recall-SUP": 0.998,
  "training_f1-measure-SUP": 0.9982495623905477,
  "training_precision-overall": 0.7855486173059768,
  "training_recall-overall": 0.7627940819791414,
  "training_f1-measure-overall": 0.7740041486481236,
  "training_loss": 0.06568495497981917,
  "training_worker_0_memory_MB": 664.609375,
  "validation_precision-DMD": 0.9615384615384597,
  "validation_recall-DMD": 0.999999999999998,
  "validation_f1-measure-DMD": 0.9803921568626932,
  "validation_precision-CMP": 0.9799999999999981,
  "validation_recall-CMP": 0.9799999999999981,
  "validation_f1-measure-CMP": 0.9799999999999481,
  "validation_precision-LOC": 0.6935617573915446,
  "validation_recall-LOC": 0.6357649442755826,
  "validation_f1-measure-LOC": 0.6634068983744712,
  "validation_precision-DAT": 0.9795918367346919,
  "validation_recall-DAT": 0.9599999999999981,
  "validation_f1-measure-DAT": 0.9696969696969178,
  "validation_precision-ORG": 0.4338051623646961,
  "validation_recall-ORG": 0.39172932330827065,
  "validation_f1-measure-ORG": 0.41169498222041634,
  "validation_precision-LRG": 0.9949999999999994,
  "validation_recall-LRG": 0.9949999999999994,
  "validation_f1-measure-LRG": 0.9949999999999495,
  "validation_precision-PER": 0.7339727410398789,
  "validation_recall-PER": 0.7313883299798792,
  "validation_f1-measure-PER": 0.7326782564877303,
  "validation_precision-SAI": 0.9615384615384606,
  "validation_recall-SAI": 0.999999999999999,
  "validation_f1-measure-SAI": 0.9803921568626942,
  "validation_precision-ART": 0.9803921568627432,
  "validation_recall-ART": 0.999999999999998,
  "validation_f1-measure-ART": 0.9900990099009381,
  "validation_precision-SUP": 0.99502487562189,
  "validation_recall-SUP": 0.9999999999999994,
  "validation_f1-measure-SUP": 0.9975062344139145,
  "validation_precision-overall": 0.6992306881652439,
  "validation_recall-overall": 0.6665662045408881,
  "validation_f1-measure-overall": 0.6825078434397485,
  "validation_loss": 0.09480493227702484,
  "best_validation_precision-DMD": 0.9615384615384597,
  "best_validation_recall-DMD": 0.999999999999998,
  "best_validation_f1-measure-DMD": 0.9803921568626932,
  "best_validation_precision-CMP": 0.9799999999999981,
  "best_validation_recall-CMP": 0.9799999999999981,
  "best_validation_f1-measure-CMP": 0.9799999999999481,
  "best_validation_precision-LOC": 0.6935617573915446,
  "best_validation_recall-LOC": 0.6357649442755826,
  "best_validation_f1-measure-LOC": 0.6634068983744712,
  "best_validation_precision-DAT": 0.9795918367346919,
  "best_validation_recall-DAT": 0.9599999999999981,
  "best_validation_f1-measure-DAT": 0.9696969696969178,
  "best_validation_precision-ORG": 0.4338051623646961,
  "best_validation_recall-ORG": 0.39172932330827065,
  "best_validation_f1-measure-ORG": 0.41169498222041634,
  "best_validation_precision-LRG": 0.9949999999999994,
  "best_validation_recall-LRG": 0.9949999999999994,
  "best_validation_f1-measure-LRG": 0.9949999999999495,
  "best_validation_precision-PER": 0.7339727410398789,
  "best_validation_recall-PER": 0.7313883299798792,
  "best_validation_f1-measure-PER": 0.7326782564877303,
  "best_validation_precision-SAI": 0.9615384615384606,
  "best_validation_recall-SAI": 0.999999999999999,
  "best_validation_f1-measure-SAI": 0.9803921568626942,
  "best_validation_precision-ART": 0.9803921568627432,
  "best_validation_recall-ART": 0.999999999999998,
  "best_validation_f1-measure-ART": 0.9900990099009381,
  "best_validation_precision-SUP": 0.99502487562189,
  "best_validation_recall-SUP": 0.9999999999999994,
  "best_validation_f1-measure-SUP": 0.9975062344139145,
  "best_validation_precision-overall": 0.6992306881652439,
  "best_validation_recall-overall": 0.6665662045408881,
  "best_validation_f1-measure-overall": 0.6825078434397485,
  "best_validation_loss": 0.09480493227702484
}