{
  "best_epoch": 12,
  "peak_worker_0_memory_MB": 673.4140625,
  "training_duration": "0:11:10.654683",
  "training_start_epoch": 0,
  "training_epochs": 18,
  "epoch": 18,
  "training_precision-DMD": 0.9878048780487803,
  "training_recall-DMD": 0.9719999999999998,
  "training_f1-measure-DMD": 0.9798387096773692,
  "training_precision-CMP": 0.9467455621301774,
  "training_recall-CMP": 0.9599999999999997,
  "training_f1-measure-CMP": 0.9533267130088874,
  "training_precision-LOC": 0.7981630570359451,
  "training_recall-LOC": 0.7982535722386028,
  "training_f1-measure-LOC": 0.7982083120711639,
  "training_precision-DAT": 0.9799599198396791,
  "training_recall-DAT": 0.9779999999999998,
  "training_f1-measure-DAT": 0.9789789789789288,
  "training_precision-ORG": 0.6395952257394915,
  "training_recall-ORG": 0.6590909090909091,
  "training_f1-measure-ORG": 0.6491967342638426,
  "training_precision-LRG": 0.9955,
  "training_recall-LRG": 0.9955,
  "training_f1-measure-LRG": 0.9954999999999502,
  "training_precision-PER": 0.8384831460674157,
  "training_recall-PER": 0.8342470170912609,
  "training_f1-measure-PER": 0.8363597176571513,
  "training_precision-ART": 0.9681274900398404,
  "training_recall-ART": 0.9719999999999998,
  "training_f1-measure-ART": 0.9700598802394709,
  "training_precision-SAI": 0.9950149551345961,
  "training_recall-SAI": 0.9979999999999999,
  "training_f1-measure-SAI": 0.9965052421367449,
  "training_precision-SUP": 0.9965052421367948,
  "training_recall-SUP": 0.998,
  "training_f1-measure-SUP": 0.9972520609542344,
  "training_precision-overall": 0.8360463106963885,
  "training_recall-overall": 0.8381899449083539,
  "training_f1-measure-overall": 0.8371167554847587,
  "training_loss": 0.0359335815793027,
  "training_worker_0_memory_MB": 673.4140625,
  "validation_precision-DMD": 0.8888888888888873,
  "validation_recall-DMD": 0.9599999999999981,
  "validation_f1-measure-DMD": 0.9230769230768715,
  "validation_precision-CMP": 0.999999999999998,
  "validation_recall-CMP": 0.999999999999998,
  "validation_f1-measure-CMP": 0.999999999999948,
  "validation_precision-LOC": 0.6971729755630091,
  "validation_recall-LOC": 0.7370820668693009,
  "validation_f1-measure-LOC": 0.7165722728391521,
  "validation_precision-DAT": 0.9795918367346919,
  "validation_recall-DAT": 0.9599999999999981,
  "validation_f1-measure-DAT": 0.9696969696969178,
  "validation_precision-ORG": 0.5346907993966817,
  "validation_recall-ORG": 0.5330827067669173,
  "validation_f1-measure-ORG": 0.5338855421686247,
  "validation_precision-LRG": 0.9754901960784308,
  "validation_recall-LRG": 0.9949999999999994,
  "validation_f1-measure-LRG": 0.9851485148514346,
  "validation_precision-PER": 0.7835446065534561,
  "validation_recall-PER": 0.823943661971831,
  "validation_f1-measure-PER": 0.8032364840014212,
  "validation_precision-SAI": 0.9900990099009891,
  "validation_recall-SAI": 0.999999999999999,
  "validation_f1-measure-SAI": 0.9950248756218396,
  "validation_precision-ART": 0.9615384615384597,
  "validation_recall-ART": 0.999999999999998,
  "validation_f1-measure-ART": 0.9803921568626932,
  "validation_precision-SUP": 0.9999999999999994,
  "validation_recall-SUP": 0.9999999999999994,
  "validation_f1-measure-SUP": 0.9999999999999494,
  "validation_precision-overall": 0.7304398036762583,
  "validation_recall-overall": 0.7625075346594334,
  "validation_f1-measure-overall": 0.7461292700908815,
  "validation_loss": 0.09293652201724814,
  "best_validation_precision-DMD": 0.9423076923076905,
  "best_validation_recall-DMD": 0.9799999999999981,
  "best_validation_f1-measure-DMD": 0.9607843137254385,
  "best_validation_precision-CMP": 0.9599999999999981,
  "best_validation_recall-CMP": 0.9599999999999981,
  "best_validation_f1-measure-CMP": 0.9599999999999481,
  "best_validation_precision-LOC": 0.7421097526300825,
  "best_validation_recall-LOC": 0.6610942249240122,
  "best_validation_f1-measure-LOC": 0.6992632283991466,
  "best_validation_precision-DAT": 0.9795918367346919,
  "best_validation_recall-DAT": 0.9599999999999981,
  "best_validation_f1-measure-DAT": 0.9696969696969178,
  "best_validation_precision-ORG": 0.4899919935948759,
  "best_validation_recall-ORG": 0.46015037593984964,
  "best_validation_f1-measure-ORG": 0.4746025591313964,
  "best_validation_precision-LRG": 0.9754901960784308,
  "best_validation_recall-LRG": 0.9949999999999994,
  "best_validation_f1-measure-LRG": 0.9851485148514346,
  "best_validation_precision-PER": 0.7440645773979108,
  "best_validation_recall-PER": 0.7882293762575453,
  "best_validation_f1-measure-PER": 0.7655105031753286,
  "best_validation_precision-SAI": 0.9702970297029694,
  "best_validation_recall-SAI": 0.979999999999999,
  "best_validation_f1-measure-SAI": 0.9751243781094017,
  "best_validation_precision-ART": 0.8703703703703688,
  "best_validation_recall-ART": 0.9399999999999982,
  "best_validation_f1-measure-ART": 0.9038461538461022,
  "best_validation_precision-SUP": 0.9900990099009895,
  "best_validation_recall-SUP": 0.9999999999999994,
  "best_validation_f1-measure-SUP": 0.99502487562184,
  "best_validation_precision-overall": 0.7270381836945304,
  "best_validation_recall-overall": 0.7077556761101065,
  "best_validation_f1-measure-overall": 0.7172673589899725,
  "best_validation_loss": 0.09024894040233274
}