{
  "best_epoch": 5,
  "peak_worker_0_memory_MB": 664.3359375,
  "training_duration": "0:03:28.044634",
  "training_start_epoch": 0,
  "training_epochs": 5,
  "epoch": 5,
  "training_precision-DMD": 0.9979633401221993,
  "training_recall-DMD": 0.9799999999999998,
  "training_f1-measure-DMD": 0.9889001009081233,
  "training_precision-CMP": 0.9388560157790925,
  "training_recall-CMP": 0.9519999999999997,
  "training_f1-measure-CMP": 0.9453823237338128,
  "training_precision-LOC": 0.6867398044359647,
  "training_recall-LOC": 0.6530959401224767,
  "training_f1-measure-LOC": 0.6694954661706081,
  "training_precision-DAT": 0.9979591836734691,
  "training_recall-DAT": 0.9779999999999998,
  "training_f1-measure-DAT": 0.9878787878787377,
  "training_precision-ORG": 0.534683855125844,
  "training_recall-ORG": 0.4657754010695187,
  "training_f1-measure-ORG": 0.49785653043721806,
  "training_precision-LRG": 0.9960059910134798,
  "training_recall-LRG": 0.9975,
  "training_f1-measure-LRG": 0.9967524356731952,
  "training_precision-PER": 0.7245955069258526,
  "training_recall-PER": 0.6691389874234118,
  "training_f1-measure-PER": 0.6957639432211415,
  "training_precision-ART": 0.9539999999999997,
  "training_recall-ART": 0.9539999999999997,
  "training_f1-measure-ART": 0.9539999999999498,
  "training_precision-SAI": 0.9890764647467725,
  "training_recall-SAI": 0.9959999999999999,
  "training_f1-measure-SAI": 0.9925261584453908,
  "training_precision-SUP": 0.9960079840319361,
  "training_recall-SUP": 0.998,
  "training_f1-measure-SUP": 0.997002997002947,
  "training_precision-overall": 0.757976282263098,
  "training_recall-overall": 0.7153251793077163,
  "training_f1-measure-overall": 0.736033370173575,
  "training_loss": 0.08812420824721474,
  "training_worker_0_memory_MB": 664.3359375,
  "validation_precision-DMD": 0.999999999999998,
  "validation_recall-DMD": 0.999999999999998,
  "validation_f1-measure-DMD": 0.999999999999948,
  "validation_precision-CMP": 0.9599999999999981,
  "validation_recall-CMP": 0.9599999999999981,
  "validation_f1-measure-CMP": 0.9599999999999481,
  "validation_precision-LOC": 0.712934819317798,
  "validation_recall-LOC": 0.5347011144883486,
  "validation_f1-measure-LOC": 0.6110869879866352,
  "validation_precision-DAT": 0.9799999999999981,
  "validation_recall-DAT": 0.9799999999999981,
  "validation_f1-measure-DAT": 0.9799999999999481,
  "validation_precision-ORG": 0.3264913406029506,
  "validation_recall-ORG": 0.3827067669172932,
  "validation_f1-measure-ORG": 0.3523710626513868,
  "validation_precision-LRG": 0.99502487562189,
  "validation_recall-LRG": 0.9999999999999994,
  "validation_f1-measure-LRG": 0.9975062344139145,
  "validation_precision-PER": 0.7208679346370211,
  "validation_recall-PER": 0.6768108651911469,
  "validation_f1-measure-PER": 0.6981450252950596,
  "validation_precision-SAI": 0.970873786407766,
  "validation_recall-SAI": 0.999999999999999,
  "validation_f1-measure-SAI": 0.9852216748767963,
  "validation_precision-ART": 0.9799999999999981,
  "validation_recall-ART": 0.9799999999999981,
  "validation_f1-measure-ART": 0.9799999999999481,
  "validation_precision-SUP": 0.9900990099009895,
  "validation_recall-SUP": 0.9999999999999994,
  "validation_f1-measure-SUP": 0.99502487562184,
  "validation_precision-overall": 0.6704989396137961,
  "validation_recall-overall": 0.6034759895519389,
  "validation_f1-measure-overall": 0.6352244487917865,
  "validation_loss": 0.10691336603458404,
  "best_validation_precision-DMD": 0.999999999999998,
  "best_validation_recall-DMD": 0.999999999999998,
  "best_validation_f1-measure-DMD": 0.999999999999948,
  "best_validation_precision-CMP": 0.9599999999999981,
  "best_validation_recall-CMP": 0.9599999999999981,
  "best_validation_f1-measure-CMP": 0.9599999999999481,
  "best_validation_precision-LOC": 0.712934819317798,
  "best_validation_recall-LOC": 0.5347011144883486,
  "best_validation_f1-measure-LOC": 0.6110869879866352,
  "best_validation_precision-DAT": 0.9799999999999981,
  "best_validation_recall-DAT": 0.9799999999999981,
  "best_validation_f1-measure-DAT": 0.9799999999999481,
  "best_validation_precision-ORG": 0.3264913406029506,
  "best_validation_recall-ORG": 0.3827067669172932,
  "best_validation_f1-measure-ORG": 0.3523710626513868,
  "best_validation_precision-LRG": 0.99502487562189,
  "best_validation_recall-LRG": 0.9999999999999994,
  "best_validation_f1-measure-LRG": 0.9975062344139145,
  "best_validation_precision-PER": 0.7208679346370211,
  "best_validation_recall-PER": 0.6768108651911469,
  "best_validation_f1-measure-PER": 0.6981450252950596,
  "best_validation_precision-SAI": 0.970873786407766,
  "best_validation_recall-SAI": 0.999999999999999,
  "best_validation_f1-measure-SAI": 0.9852216748767963,
  "best_validation_precision-ART": 0.9799999999999981,
  "best_validation_recall-ART": 0.9799999999999981,
  "best_validation_f1-measure-ART": 0.9799999999999481,
  "best_validation_precision-SUP": 0.9900990099009895,
  "best_validation_recall-SUP": 0.9999999999999994,
  "best_validation_f1-measure-SUP": 0.99502487562184,
  "best_validation_precision-overall": 0.6704989396137961,
  "best_validation_recall-overall": 0.6034759895519389,
  "best_validation_f1-measure-overall": 0.6352244487917865,
  "best_validation_loss": 0.10691336603458404
}