{
  "best_epoch": 12,
  "peak_worker_0_memory_MB": 673.4140625,
  "training_duration": "0:12:18.854204",
  "training_start_epoch": 0,
  "training_epochs": 20,
  "epoch": 20,
  "training_precision-DMD": 0.9857433808553969,
  "training_recall-DMD": 0.9679999999999997,
  "training_f1-measure-DMD": 0.9767911200806764,
  "training_precision-CMP": 0.9663366336633661,
  "training_recall-CMP": 0.9759999999999998,
  "training_f1-measure-CMP": 0.971144278606915,
  "training_precision-LOC": 0.8089481414529431,
  "training_recall-LOC": 0.8119755046495803,
  "training_f1-measure-LOC": 0.8104589959816128,
  "training_precision-DAT": 0.9898785425101212,
  "training_recall-DAT": 0.9779999999999998,
  "training_f1-measure-DAT": 0.9839034205230885,
  "training_precision-ORG": 0.6663188103313331,
  "training_recall-ORG": 0.6828877005347593,
  "training_f1-measure-ORG": 0.6745015185527032,
  "training_precision-LRG": 0.9965,
  "training_recall-LRG": 0.9965,
  "training_f1-measure-LRG": 0.9964999999999501,
  "training_precision-PER": 0.8482751162539202,
  "training_recall-PER": 0.8431688702569063,
  "training_f1-measure-PER": 0.8457142857142358,
  "training_precision-ART": 0.9660678642714569,
  "training_recall-ART": 0.9679999999999997,
  "training_f1-measure-ART": 0.9670329670329169,
  "training_precision-SAI": 0.994011976047904,
  "training_recall-SAI": 0.9959999999999999,
  "training_f1-measure-SAI": 0.995004995004945,
  "training_precision-SUP": 0.9965017491254373,
  "training_recall-SUP": 0.997,
  "training_f1-measure-SUP": 0.9967508122968758,
  "training_precision-overall": 0.8465341400172861,
  "training_recall-overall": 0.8484113509580402,
  "training_f1-measure-overall": 0.847471705949488,
  "training_loss": 0.032711967162811655,
  "training_worker_0_memory_MB": 673.4140625,
  "validation_precision-DMD": 0.9074074074074058,
  "validation_recall-DMD": 0.9799999999999981,
  "validation_f1-measure-DMD": 0.9423076923076407,
  "validation_precision-CMP": 0.9599999999999981,
  "validation_recall-CMP": 0.9599999999999981,
  "validation_f1-measure-CMP": 0.9599999999999481,
  "validation_precision-LOC": 0.773853602962119,
  "validation_recall-LOC": 0.6881965552178319,
  "validation_f1-measure-LOC": 0.7285158868480531,
  "validation_precision-DAT": 0.9591836734693858,
  "validation_recall-DAT": 0.9399999999999982,
  "validation_f1-measure-DAT": 0.9494949494948975,
  "validation_precision-ORG": 0.46424242424242423,
  "validation_recall-ORG": 0.5759398496240602,
  "validation_f1-measure-ORG": 0.5140939597314943,
  "validation_precision-LRG": 0.8934911242603544,
  "validation_recall-LRG": 0.7549999999999996,
  "validation_f1-measure-LRG": 0.8184281842817926,
  "validation_precision-PER": 0.7911764705882353,
  "validation_recall-PER": 0.8118712273641852,
  "validation_f1-measure-PER": 0.801390268123088,
  "validation_precision-SAI": 0.9504950495049496,
  "validation_recall-SAI": 0.9599999999999991,
  "validation_f1-measure-SAI": 0.9552238805969641,
  "validation_precision-ART": 0.9215686274509786,
  "validation_recall-ART": 0.9399999999999982,
  "validation_f1-measure-ART": 0.930693069306879,
  "validation_precision-SUP": 0.9921874999999991,
  "validation_recall-SUP": 0.6349999999999997,
  "validation_f1-measure-SUP": 0.7743902439023909,
  "validation_precision-overall": 0.7392055267702936,
  "validation_recall-overall": 0.7309624271649589,
  "validation_f1-measure-overall": 0.7350608678082037,
  "validation_loss": 0.0956973271384969,
  "best_validation_precision-DMD": 0.9423076923076905,
  "best_validation_recall-DMD": 0.9799999999999981,
  "best_validation_f1-measure-DMD": 0.9607843137254385,
  "best_validation_precision-CMP": 0.9599999999999981,
  "best_validation_recall-CMP": 0.9599999999999981,
  "best_validation_f1-measure-CMP": 0.9599999999999481,
  "best_validation_precision-LOC": 0.7421097526300825,
  "best_validation_recall-LOC": 0.6610942249240122,
  "best_validation_f1-measure-LOC": 0.6992632283991466,
  "best_validation_precision-DAT": 0.9795918367346919,
  "best_validation_recall-DAT": 0.9599999999999981,
  "best_validation_f1-measure-DAT": 0.9696969696969178,
  "best_validation_precision-ORG": 0.4899919935948759,
  "best_validation_recall-ORG": 0.46015037593984964,
  "best_validation_f1-measure-ORG": 0.4746025591313964,
  "best_validation_precision-LRG": 0.9754901960784308,
  "best_validation_recall-LRG": 0.9949999999999994,
  "best_validation_f1-measure-LRG": 0.9851485148514346,
  "best_validation_precision-PER": 0.7440645773979108,
  "best_validation_recall-PER": 0.7882293762575453,
  "best_validation_f1-measure-PER": 0.7655105031753286,
  "best_validation_precision-SAI": 0.9702970297029694,
  "best_validation_recall-SAI": 0.979999999999999,
  "best_validation_f1-measure-SAI": 0.9751243781094017,
  "best_validation_precision-ART": 0.8703703703703688,
  "best_validation_recall-ART": 0.9399999999999982,
  "best_validation_f1-measure-ART": 0.9038461538461022,
  "best_validation_precision-SUP": 0.9900990099009895,
  "best_validation_recall-SUP": 0.9999999999999994,
  "best_validation_f1-measure-SUP": 0.99502487562184,
  "best_validation_precision-overall": 0.7270381836945304,
  "best_validation_recall-overall": 0.7077556761101065,
  "best_validation_f1-measure-overall": 0.7172673589899725,
  "best_validation_loss": 0.09024894040233274
}