{
  "best_epoch": 3,
  "peak_worker_0_memory_MB": 662.7109375,
  "training_duration": "0:02:19.692684",
  "training_start_epoch": 0,
  "training_epochs": 3,
  "epoch": 3,
  "training_precision-DMD": 0.9917864476386035,
  "training_recall-DMD": 0.9659999999999997,
  "training_f1-measure-DMD": 0.978723404255269,
  "training_precision-CMP": 0.9145129224652085,
  "training_recall-CMP": 0.9199999999999998,
  "training_f1-measure-CMP": 0.917248255234247,
  "training_precision-LOC": 0.6493830238065561,
  "training_recall-LOC": 0.5908369244726696,
  "training_f1-measure-LOC": 0.6187281040317772,
  "training_precision-DAT": 0.9979209979209976,
  "training_recall-DAT": 0.9599999999999997,
  "training_f1-measure-DAT": 0.9785932721712036,
  "training_precision-ORG": 0.47035573122529645,
  "training_recall-ORG": 0.35,
  "training_f1-measure-ORG": 0.4013490725125986,
  "training_precision-LRG": 0.9945082376435347,
  "training_recall-LRG": 0.996,
  "training_f1-measure-LRG": 0.9952535598300774,
  "training_precision-PER": 0.677443056576047,
  "training_recall-PER": 0.5946468881006127,
  "training_f1-measure-PER": 0.6333505066116624,
  "training_precision-ART": 0.9105367793240554,
  "training_recall-ART": 0.9159999999999998,
  "training_f1-measure-ART": 0.9132602193419238,
  "training_precision-SAI": 0.9812807881773398,
  "training_recall-SAI": 0.9959999999999999,
  "training_f1-measure-SAI": 0.9885856079403965,
  "training_precision-SUP": 0.9950074887668497,
  "training_recall-SUP": 0.9965,
  "training_f1-measure-SUP": 0.9957531851111168,
  "training_precision-overall": 0.72834751800362,
  "training_recall-overall": 0.6553133987041336,
  "training_f1-measure-overall": 0.6899029692857166,
  "training_loss": 0.11477689278959655,
  "training_worker_0_memory_MB": 662.7109375,
  "validation_precision-DMD": 0.999999999999998,
  "validation_recall-DMD": 0.9799999999999981,
  "validation_f1-measure-DMD": 0.989898989898938,
  "validation_precision-CMP": 0.9019607843137237,
  "validation_recall-CMP": 0.9199999999999982,
  "validation_f1-measure-CMP": 0.9108910891088592,
  "validation_precision-LOC": 0.6229555236728838,
  "validation_recall-LOC": 0.5498986828774063,
  "validation_f1-measure-LOC": 0.5841517556840616,
  "validation_precision-DAT": 0.999999999999998,
  "validation_recall-DAT": 0.9799999999999981,
  "validation_f1-measure-DAT": 0.989898989898938,
  "validation_precision-ORG": 0.32646048109965636,
  "validation_recall-ORG": 0.2857142857142857,
  "validation_f1-measure-ORG": 0.30473135525255646,
  "validation_precision-LRG": 0.9900497512437806,
  "validation_recall-LRG": 0.9949999999999994,
  "validation_f1-measure-LRG": 0.9925187032418448,
  "validation_precision-PER": 0.7061538461538461,
  "validation_recall-PER": 0.5772132796780685,
  "validation_f1-measure-PER": 0.6352061998338836,
  "validation_precision-SAI": 0.9611650485436883,
  "validation_recall-SAI": 0.989999999999999,
  "validation_f1-measure-SAI": 0.9753694581280279,
  "validation_precision-ART": 0.9799999999999981,
  "validation_recall-ART": 0.9799999999999981,
  "validation_f1-measure-ART": 0.9799999999999481,
  "validation_precision-SUP": 0.99502487562189,
  "validation_recall-SUP": 0.9999999999999994,
  "validation_f1-measure-SUP": 0.9975062344139145,
  "validation_precision-overall": 0.6436126932465419,
  "validation_recall-overall": 0.5562587904360057,
  "validation_f1-measure-overall": 0.5967559411542317,
  "validation_loss": 0.1202556190324137,
  "best_validation_precision-DMD": 0.999999999999998,
  "best_validation_recall-DMD": 0.9799999999999981,
  "best_validation_f1-measure-DMD": 0.989898989898938,
  "best_validation_precision-CMP": 0.9019607843137237,
  "best_validation_recall-CMP": 0.9199999999999982,
  "best_validation_f1-measure-CMP": 0.9108910891088592,
  "best_validation_precision-LOC": 0.6229555236728838,
  "best_validation_recall-LOC": 0.5498986828774063,
  "best_validation_f1-measure-LOC": 0.5841517556840616,
  "best_validation_precision-DAT": 0.999999999999998,
  "best_validation_recall-DAT": 0.9799999999999981,
  "best_validation_f1-measure-DAT": 0.989898989898938,
  "best_validation_precision-ORG": 0.32646048109965636,
  "best_validation_recall-ORG": 0.2857142857142857,
  "best_validation_f1-measure-ORG": 0.30473135525255646,
  "best_validation_precision-LRG": 0.9900497512437806,
  "best_validation_recall-LRG": 0.9949999999999994,
  "best_validation_f1-measure-LRG": 0.9925187032418448,
  "best_validation_precision-PER": 0.7061538461538461,
  "best_validation_recall-PER": 0.5772132796780685,
  "best_validation_f1-measure-PER": 0.6352061998338836,
  "best_validation_precision-SAI": 0.9611650485436883,
  "best_validation_recall-SAI": 0.989999999999999,
  "best_validation_f1-measure-SAI": 0.9753694581280279,
  "best_validation_precision-ART": 0.9799999999999981,
  "best_validation_recall-ART": 0.9799999999999981,
  "best_validation_f1-measure-ART": 0.9799999999999481,
  "best_validation_precision-SUP": 0.99502487562189,
  "best_validation_recall-SUP": 0.9999999999999994,
  "best_validation_f1-measure-SUP": 0.9975062344139145,
  "best_validation_precision-overall": 0.6436126932465419,
  "best_validation_recall-overall": 0.5562587904360057,
  "best_validation_f1-measure-overall": 0.5967559411542317,
  "best_validation_loss": 0.1202556190324137
}