{
  "best_epoch": 12,
  "peak_worker_0_memory_MB": 673.4140625,
  "training_duration": "0:12:53.466484",
  "training_start_epoch": 0,
  "training_epochs": 21,
  "epoch": 21,
  "training_precision-DMD": 0.9857433808553969,
  "training_recall-DMD": 0.9679999999999997,
  "training_f1-measure-DMD": 0.9767911200806764,
  "training_precision-CMP": 0.9566074950690333,
  "training_recall-CMP": 0.9699999999999998,
  "training_f1-measure-CMP": 0.9632571996027304,
  "training_precision-LOC": 0.8092517921146953,
  "training_recall-LOC": 0.8193467906554774,
  "training_f1-measure-LOC": 0.8142680040572023,
  "training_precision-DAT": 0.987730061349693,
  "training_recall-DAT": 0.9659999999999997,
  "training_f1-measure-DAT": 0.9767441860464615,
  "training_precision-ORG": 0.6720458094742322,
  "training_recall-ORG": 0.6903743315508022,
  "training_f1-measure-ORG": 0.6810867844895305,
  "training_precision-LRG": 0.9939759036144579,
  "training_recall-LRG": 0.99,
  "training_f1-measure-LRG": 0.9919839679358217,
  "training_precision-PER": 0.8488773747841105,
  "training_recall-PER": 0.8453187143932065,
  "training_f1-measure-PER": 0.8470943071039518,
  "training_precision-ART": 0.968253968253968,
  "training_recall-ART": 0.9759999999999998,
  "training_f1-measure-ART": 0.9721115537848103,
  "training_precision-SAI": 0.9950049950049948,
  "training_recall-SAI": 0.9959999999999999,
  "training_f1-measure-SAI": 0.9955022488755122,
  "training_precision-SUP": 0.9969803724207348,
  "training_recall-SUP": 0.9905,
  "training_f1-measure-SUP": 0.9937296212690747,
  "training_precision-overall": 0.8470263747629719,
  "training_recall-overall": 0.8512525553515125,
  "training_f1-measure-overall": 0.8491342066152336,
  "training_loss": 0.03200638473405753,
  "training_worker_0_memory_MB": 673.4140625,
  "validation_precision-DMD": 0.9411764705882335,
  "validation_recall-DMD": 0.9599999999999981,
  "validation_f1-measure-DMD": 0.9504950495048987,
  "validation_precision-CMP": 0.9411764705882335,
  "validation_recall-CMP": 0.9599999999999981,
  "validation_f1-measure-CMP": 0.9504950495048987,
  "validation_precision-LOC": 0.7731846614087572,
  "validation_recall-LOC": 0.7201114488348531,
  "validation_f1-measure-LOC": 0.7457049180327371,
  "validation_precision-DAT": 0.9799999999999981,
  "validation_recall-DAT": 0.9799999999999981,
  "validation_f1-measure-DAT": 0.9799999999999481,
  "validation_precision-ORG": 0.5580389329488104,
  "validation_recall-ORG": 0.5819548872180451,
  "validation_f1-measure-ORG": 0.5697460434302041,
  "validation_precision-LRG": 0.9803921568627445,
  "validation_recall-LRG": 0.9999999999999994,
  "validation_f1-measure-LRG": 0.9900990099009396,
  "validation_precision-PER": 0.8249175336209084,
  "validation_recall-PER": 0.8176559356136821,
  "validation_f1-measure-PER": 0.821270683339599,
  "validation_precision-SAI": 0.999999999999999,
  "validation_recall-SAI": 0.999999999999999,
  "validation_f1-measure-SAI": 0.9999999999999489,
  "validation_precision-ART": 0.9230769230769214,
  "validation_recall-ART": 0.9599999999999981,
  "validation_f1-measure-ART": 0.9411764705881837,
  "validation_precision-SUP": 0.99502487562189,
  "validation_recall-SUP": 0.9999999999999994,
  "validation_f1-measure-SUP": 0.9975062344139145,
  "validation_precision-overall": 0.7783611282684785,
  "validation_recall-overall": 0.7595941330118545,
  "validation_f1-measure-overall": 0.7688631279234807,
  "validation_loss": 0.0926408753912156,
  "best_validation_precision-DMD": 0.9423076923076905,
  "best_validation_recall-DMD": 0.9799999999999981,
  "best_validation_f1-measure-DMD": 0.9607843137254385,
  "best_validation_precision-CMP": 0.9599999999999981,
  "best_validation_recall-CMP": 0.9599999999999981,
  "best_validation_f1-measure-CMP": 0.9599999999999481,
  "best_validation_precision-LOC": 0.7421097526300825,
  "best_validation_recall-LOC": 0.6610942249240122,
  "best_validation_f1-measure-LOC": 0.6992632283991466,
  "best_validation_precision-DAT": 0.9795918367346919,
  "best_validation_recall-DAT": 0.9599999999999981,
  "best_validation_f1-measure-DAT": 0.9696969696969178,
  "best_validation_precision-ORG": 0.4899919935948759,
  "best_validation_recall-ORG": 0.46015037593984964,
  "best_validation_f1-measure-ORG": 0.4746025591313964,
  "best_validation_precision-LRG": 0.9754901960784308,
  "best_validation_recall-LRG": 0.9949999999999994,
  "best_validation_f1-measure-LRG": 0.9851485148514346,
  "best_validation_precision-PER": 0.7440645773979108,
  "best_validation_recall-PER": 0.7882293762575453,
  "best_validation_f1-measure-PER": 0.7655105031753286,
  "best_validation_precision-SAI": 0.9702970297029694,
  "best_validation_recall-SAI": 0.979999999999999,
  "best_validation_f1-measure-SAI": 0.9751243781094017,
  "best_validation_precision-ART": 0.8703703703703688,
  "best_validation_recall-ART": 0.9399999999999982,
  "best_validation_f1-measure-ART": 0.9038461538461022,
  "best_validation_precision-SUP": 0.9900990099009895,
  "best_validation_recall-SUP": 0.9999999999999994,
  "best_validation_f1-measure-SUP": 0.99502487562184,
  "best_validation_precision-overall": 0.7270381836945304,
  "best_validation_recall-overall": 0.7077556761101065,
  "best_validation_f1-measure-overall": 0.7172673589899725,
  "best_validation_loss": 0.09024894040233274
}