{
  "best_epoch": 9,
  "peak_worker_0_memory_MB": 684.5703125,
  "training_duration": "0:06:32.109048",
  "training_start_epoch": 0,
  "training_epochs": 10,
  "epoch": 10,
  "training_precision-SAI": 0.9950149551345961,
  "training_recall-SAI": 0.9979999999999999,
  "training_f1-measure-SAI": 0.9965052421367449,
  "training_precision-CMP": 0.9105058365758752,
  "training_recall-CMP": 0.9359999999999998,
  "training_f1-measure-CMP": 0.923076923076873,
  "training_precision-PER": 0.7827864324384046,
  "training_recall-PER": 0.7615822852843169,
  "training_f1-measure-PER": 0.7720387926337083,
  "training_precision-LRG": 0.993483709273183,
  "training_recall-LRG": 0.991,
  "training_f1-measure-LRG": 0.9922403003754194,
  "training_precision-ART": 0.9680638722554888,
  "training_recall-ART": 0.9699999999999998,
  "training_f1-measure-ART": 0.9690309690309188,
  "training_precision-DMD": 0.9704016913319237,
  "training_recall-DMD": 0.9179999999999998,
  "training_f1-measure-DMD": 0.9434737923946056,
  "training_precision-LOC": 0.7311143928206293,
  "training_recall-LOC": 0.7298707189838965,
  "training_f1-measure-LOC": 0.7304920265591692,
  "training_precision-DAT": 0.9792531120331948,
  "training_recall-DAT": 0.9439999999999998,
  "training_f1-measure-DAT": 0.9613034623217421,
  "training_precision-ORG": 0.516522210184182,
  "training_recall-ORG": 0.5098930481283422,
  "training_f1-measure-ORG": 0.5131862217437606,
  "training_precision-SUP": 0.998001998001998,
  "training_recall-SUP": 0.999,
  "training_f1-measure-SUP": 0.9985007496251374,
  "training_precision-overall": 0.7816664328797868,
  "training_recall-overall": 0.7723225113474932,
  "training_f1-measure-overall": 0.7769663802568475,
  "training_loss": 0.05925412843729336,
  "training_worker_0_memory_MB": 684.5703125,
  "validation_precision-SAI": 0.999999999999999,
  "validation_recall-SAI": 0.999999999999999,
  "validation_f1-measure-SAI": 0.9999999999999489,
  "validation_precision-CMP": 0.9607843137254883,
  "validation_recall-CMP": 0.9799999999999981,
  "validation_f1-measure-CMP": 0.9702970297029184,
  "validation_precision-PER": 0.8041083655849955,
  "validation_recall-PER": 0.6793259557344065,
  "validation_f1-measure-PER": 0.7364689843216955,
  "validation_precision-LRG": 0.9333333333333328,
  "validation_recall-LRG": 0.9099999999999995,
  "validation_f1-measure-LRG": 0.9215189873417217,
  "validation_precision-ART": 0.862745098039214,
  "validation_recall-ART": 0.8799999999999982,
  "validation_f1-measure-ART": 0.8712871287128197,
  "validation_precision-DMD": 0.9999999999999977,
  "validation_recall-DMD": 0.8599999999999983,
  "validation_f1-measure-DMD": 0.9247311827956474,
  "validation_precision-LOC": 0.770383275261324,
  "validation_recall-LOC": 0.5600303951367781,
  "validation_f1-measure-LOC": 0.6485772953944953,
  "validation_precision-ORG": 0.4249767008387698,
  "validation_recall-ORG": 0.34285714285714286,
  "validation_f1-measure-ORG": 0.37952559300868965,
  "validation_precision-DAT": 0.9411764705882335,
  "validation_recall-DAT": 0.9599999999999981,
  "validation_f1-measure-DAT": 0.9504950495048987,
  "validation_precision-SUP": 0.9895287958115178,
  "validation_recall-SUP": 0.9449999999999995,
  "validation_f1-measure-SUP": 0.9667519181585174,
  "validation_precision-overall": 0.7543837675350702,
  "validation_recall-overall": 0.6050833835643962,
  "validation_f1-measure-overall": 0.6715352882149133,
  "validation_loss": 0.09649953081606857,
  "best_validation_precision-SAI": 0.999999999999999,
  "best_validation_recall-SAI": 0.999999999999999,
  "best_validation_f1-measure-SAI": 0.9999999999999489,
  "best_validation_precision-CMP": 0.7894736842105249,
  "best_validation_recall-CMP": 0.8999999999999982,
  "best_validation_f1-measure-CMP": 0.8411214953270515,
  "best_validation_precision-PER": 0.7171021377672209,
  "best_validation_recall-PER": 0.7593058350100603,
  "best_validation_f1-measure-PER": 0.737600781822574,
  "best_validation_precision-LRG": 0.99502487562189,
  "best_validation_recall-LRG": 0.9999999999999994,
  "best_validation_f1-measure-LRG": 0.9975062344139145,
  "best_validation_precision-ART": 0.9215686274509786,
  "best_validation_recall-ART": 0.9399999999999982,
  "best_validation_f1-measure-ART": 0.930693069306879,
  "best_validation_precision-DMD": 0.9333333333333312,
  "best_validation_recall-DMD": 0.8399999999999983,
  "best_validation_f1-measure-DMD": 0.8842105263157378,
  "best_validation_precision-LOC": 0.6940928270042194,
  "best_validation_recall-LOC": 0.6666666666666666,
  "best_validation_f1-measure-LOC": 0.6801033591730766,
  "best_validation_precision-ORG": 0.4080209241499564,
  "best_validation_recall-ORG": 0.3518796992481203,
  "best_validation_f1-measure-ORG": 0.3778764634638178,
  "best_validation_precision-DAT": 0.9411764705882335,
  "best_validation_recall-DAT": 0.9599999999999981,
  "best_validation_f1-measure-DAT": 0.9504950495048987,
  "best_validation_precision-SUP": 0.99502487562189,
  "best_validation_recall-SUP": 0.9999999999999994,
  "best_validation_f1-measure-SUP": 0.9975062344139145,
  "best_validation_precision-overall": 0.6901065449010655,
  "best_validation_recall-overall": 0.6832429174201327,
  "best_validation_f1-measure-overall": 0.6866575798878798,
  "best_validation_loss": 0.09169253215637088
}