{
  "best_epoch": 7,
  "peak_worker_0_memory_MB": 681.84765625,
  "training_duration": "0:04:44.408190",
  "training_start_epoch": 0,
  "training_epochs": 7,
  "epoch": 7,
  "training_precision-SAI": 0.9920398009950248,
  "training_recall-SAI": 0.9969999999999999,
  "training_f1-measure-SAI": 0.9945137157106733,
  "training_precision-CMP": 0.9121093749999998,
  "training_recall-CMP": 0.9339999999999998,
  "training_f1-measure-CMP": 0.9229249011857206,
  "training_precision-PER": 0.7588765840849412,
  "training_recall-PER": 0.7145006986993443,
  "training_f1-measure-PER": 0.7360203742663658,
  "training_precision-LRG": 0.991495747873937,
  "training_recall-LRG": 0.991,
  "training_f1-measure-LRG": 0.9912478119529382,
  "training_precision-ART": 0.9477911646586343,
  "training_recall-ART": 0.9439999999999998,
  "training_f1-measure-ART": 0.945891783567084,
  "training_precision-DMD": 0.9487179487179485,
  "training_recall-DMD": 0.8879999999999998,
  "training_f1-measure-DMD": 0.9173553719007763,
  "training_precision-LOC": 0.7030246408968819,
  "training_recall-LOC": 0.6826944885461556,
  "training_f1-measure-LOC": 0.6927104309302762,
  "training_precision-DAT": 0.9767932489451474,
  "training_recall-DAT": 0.9259999999999998,
  "training_f1-measure-DAT": 0.950718685831572,
  "training_precision-ORG": 0.47908961593172117,
  "training_recall-ORG": 0.4502673796791444,
  "training_f1-measure-ORG": 0.4642315644382684,
  "training_precision-SUP": 0.9984992496248124,
  "training_recall-SUP": 0.998,
  "training_f1-measure-SUP": 0.9982495623905477,
  "training_precision-overall": 0.7618019573978123,
  "training_recall-overall": 0.733585114860885,
  "training_f1-measure-overall": 0.7474273207067087,
  "training_loss": 0.07454221185838819,
  "training_worker_0_memory_MB": 681.84765625,
  "validation_precision-SAI": 0.999999999999999,
  "validation_recall-SAI": 0.999999999999999,
  "validation_f1-measure-SAI": 0.9999999999999489,
  "validation_precision-CMP": 0.9399999999999982,
  "validation_recall-CMP": 0.9399999999999982,
  "validation_f1-measure-CMP": 0.9399999999999482,
  "validation_precision-PER": 0.7864502029347487,
  "validation_recall-PER": 0.6335513078470825,
  "validation_f1-measure-PER": 0.7017690486139637,
  "validation_precision-LRG": 0.99502487562189,
  "validation_recall-LRG": 0.9999999999999994,
  "validation_f1-measure-LRG": 0.9975062344139145,
  "validation_precision-ART": 0.8333333333333318,
  "validation_recall-ART": 0.8999999999999982,
  "validation_f1-measure-ART": 0.8653846153845639,
  "validation_precision-DMD": 0.9361702127659555,
  "validation_recall-DMD": 0.8799999999999982,
  "validation_f1-measure-DMD": 0.907216494845309,
  "validation_precision-LOC": 0.6883044208170117,
  "validation_recall-LOC": 0.6231003039513677,
  "validation_f1-measure-LOC": 0.6540813613400192,
  "validation_precision-ORG": 0.34890510948905107,
  "validation_recall-ORG": 0.3593984962406015,
  "validation_f1-measure-ORG": 0.354074074074024,
  "validation_precision-DAT": 0.9761904761904738,
  "validation_recall-DAT": 0.8199999999999984,
  "validation_f1-measure-DAT": 0.8913043478260355,
  "validation_precision-SUP": 0.9999999999999994,
  "validation_recall-SUP": 0.9999999999999994,
  "validation_f1-measure-SUP": 0.9999999999999494,
  "validation_precision-overall": 0.6938129170908268,
  "validation_recall-overall": 0.6162346795258188,
  "validation_f1-measure-overall": 0.6527267890395884,
  "validation_loss": 0.09926202303953661,
  "best_validation_precision-SAI": 0.999999999999999,
  "best_validation_recall-SAI": 0.999999999999999,
  "best_validation_f1-measure-SAI": 0.9999999999999489,
  "best_validation_precision-CMP": 0.9399999999999982,
  "best_validation_recall-CMP": 0.9399999999999982,
  "best_validation_f1-measure-CMP": 0.9399999999999482,
  "best_validation_precision-PER": 0.7864502029347487,
  "best_validation_recall-PER": 0.6335513078470825,
  "best_validation_f1-measure-PER": 0.7017690486139637,
  "best_validation_precision-LRG": 0.99502487562189,
  "best_validation_recall-LRG": 0.9999999999999994,
  "best_validation_f1-measure-LRG": 0.9975062344139145,
  "best_validation_precision-ART": 0.8333333333333318,
  "best_validation_recall-ART": 0.8999999999999982,
  "best_validation_f1-measure-ART": 0.8653846153845639,
  "best_validation_precision-DMD": 0.9361702127659555,
  "best_validation_recall-DMD": 0.8799999999999982,
  "best_validation_f1-measure-DMD": 0.907216494845309,
  "best_validation_precision-LOC": 0.6883044208170117,
  "best_validation_recall-LOC": 0.6231003039513677,
  "best_validation_f1-measure-LOC": 0.6540813613400192,
  "best_validation_precision-ORG": 0.34890510948905107,
  "best_validation_recall-ORG": 0.3593984962406015,
  "best_validation_f1-measure-ORG": 0.354074074074024,
  "best_validation_precision-DAT": 0.9761904761904738,
  "best_validation_recall-DAT": 0.8199999999999984,
  "best_validation_f1-measure-DAT": 0.8913043478260355,
  "best_validation_precision-SUP": 0.9999999999999994,
  "best_validation_recall-SUP": 0.9999999999999994,
  "best_validation_f1-measure-SUP": 0.9999999999999494,
  "best_validation_precision-overall": 0.6938129170908268,
  "best_validation_recall-overall": 0.6162346795258188,
  "best_validation_f1-measure-overall": 0.6527267890395884,
  "best_validation_loss": 0.09926202303953661
}