{
  "best_epoch": 6,
  "peak_worker_0_memory_MB": 664.609375,
  "training_duration": "0:04:03.542503",
  "training_start_epoch": 0,
  "training_epochs": 6,
  "epoch": 6,
  "training_precision-DMD": 0.9999999999999998,
  "training_recall-DMD": 0.9879999999999998,
  "training_f1-measure-DMD": 0.9939637826961268,
  "training_precision-CMP": 0.9294117647058822,
  "training_recall-CMP": 0.9479999999999997,
  "training_f1-measure-CMP": 0.9386138613860884,
  "training_precision-LOC": 0.6968868821292775,
  "training_recall-LOC": 0.6651168065320935,
  "training_f1-measure-LOC": 0.680631310200716,
  "training_precision-DAT": 0.9959100204498975,
  "training_recall-DAT": 0.9739999999999998,
  "training_f1-measure-DAT": 0.9848331648128921,
  "training_precision-ORG": 0.5259626604434072,
  "training_recall-ORG": 0.4820855614973262,
  "training_f1-measure-ORG": 0.5030691964285215,
  "training_precision-LRG": 0.9965087281795512,
  "training_recall-LRG": 0.999,
  "training_f1-measure-LRG": 0.9977528089887141,
  "training_precision-PER": 0.7425415622864951,
  "training_recall-PER": 0.7009566806406535,
  "training_f1-measure-PER": 0.7211501244124466,
  "training_precision-ART": 0.9619999999999997,
  "training_recall-ART": 0.9619999999999997,
  "training_f1-measure-ART": 0.9619999999999498,
  "training_precision-SAI": 0.984126984126984,
  "training_recall-SAI": 0.9919999999999999,
  "training_f1-measure-SAI": 0.9880478087648902,
  "training_precision-SUP": 0.9940149625935162,
  "training_recall-SUP": 0.9965,
  "training_f1-measure-SUP": 0.9952559300873408,
  "training_precision-overall": 0.7637587292397873,
  "training_recall-overall": 0.731367589480614,
  "training_f1-measure-overall": 0.747212290700506,
  "training_loss": 0.07912796163791945,
  "training_worker_0_memory_MB": 664.609375,
  "validation_precision-DMD": 0.9803921568627432,
  "validation_recall-DMD": 0.999999999999998,
  "validation_f1-measure-DMD": 0.9900990099009381,
  "validation_precision-CMP": 0.9411764705882335,
  "validation_recall-CMP": 0.9599999999999981,
  "validation_f1-measure-CMP": 0.9504950495048987,
  "validation_precision-LOC": 0.7099875930521092,
  "validation_recall-LOC": 0.5797872340425532,
  "validation_f1-measure-LOC": 0.6383156720579538,
  "validation_precision-DAT": 0.9999999999999979,
  "validation_recall-DAT": 0.9599999999999981,
  "validation_f1-measure-DAT": 0.979591836734642,
  "validation_precision-ORG": 0.4043103448275862,
  "validation_recall-ORG": 0.3526315789473684,
  "validation_f1-measure-ORG": 0.3767068273091872,
  "validation_precision-LRG": 0.985074626865671,
  "validation_recall-LRG": 0.9899999999999994,
  "validation_f1-measure-LRG": 0.9875311720697749,
  "validation_precision-PER": 0.6836171743823459,
  "validation_recall-PER": 0.7168008048289738,
  "validation_f1-measure-PER": 0.699815837937335,
  "validation_precision-SAI": 0.970873786407766,
  "validation_recall-SAI": 0.999999999999999,
  "validation_f1-measure-SAI": 0.9852216748767963,
  "validation_precision-ART": 0.9245283018867907,
  "validation_recall-ART": 0.9799999999999981,
  "validation_f1-measure-ART": 0.9514563106795598,
  "validation_precision-SUP": 0.9852216748768468,
  "validation_recall-SUP": 0.9999999999999994,
  "validation_f1-measure-SUP": 0.9925558312654582,
  "validation_precision-overall": 0.6802331857929397,
  "validation_recall-overall": 0.6330118545308419,
  "validation_f1-measure-overall": 0.655773533850187,
  "validation_loss": 0.10110614208778851,
  "best_validation_precision-DMD": 0.9803921568627432,
  "best_validation_recall-DMD": 0.999999999999998,
  "best_validation_f1-measure-DMD": 0.9900990099009381,
  "best_validation_precision-CMP": 0.9411764705882335,
  "best_validation_recall-CMP": 0.9599999999999981,
  "best_validation_f1-measure-CMP": 0.9504950495048987,
  "best_validation_precision-LOC": 0.7099875930521092,
  "best_validation_recall-LOC": 0.5797872340425532,
  "best_validation_f1-measure-LOC": 0.6383156720579538,
  "best_validation_precision-DAT": 0.9999999999999979,
  "best_validation_recall-DAT": 0.9599999999999981,
  "best_validation_f1-measure-DAT": 0.979591836734642,
  "best_validation_precision-ORG": 0.4043103448275862,
  "best_validation_recall-ORG": 0.3526315789473684,
  "best_validation_f1-measure-ORG": 0.3767068273091872,
  "best_validation_precision-LRG": 0.985074626865671,
  "best_validation_recall-LRG": 0.9899999999999994,
  "best_validation_f1-measure-LRG": 0.9875311720697749,
  "best_validation_precision-PER": 0.6836171743823459,
  "best_validation_recall-PER": 0.7168008048289738,
  "best_validation_f1-measure-PER": 0.699815837937335,
  "best_validation_precision-SAI": 0.970873786407766,
  "best_validation_recall-SAI": 0.999999999999999,
  "best_validation_f1-measure-SAI": 0.9852216748767963,
  "best_validation_precision-ART": 0.9245283018867907,
  "best_validation_recall-ART": 0.9799999999999981,
  "best_validation_f1-measure-ART": 0.9514563106795598,
  "best_validation_precision-SUP": 0.9852216748768468,
  "best_validation_recall-SUP": 0.9999999999999994,
  "best_validation_f1-measure-SUP": 0.9925558312654582,
  "best_validation_precision-overall": 0.6802331857929397,
  "best_validation_recall-overall": 0.6330118545308419,
  "best_validation_f1-measure-overall": 0.655773533850187,
  "best_validation_loss": 0.10110614208778851
}