{
  "best_epoch": 12,
  "peak_worker_0_memory_MB": 670.4609375,
  "training_duration": "0:08:45.450518",
  "training_start_epoch": 0,
  "training_epochs": 14,
  "epoch": 14,
  "training_precision-DMD": 0.9959183673469385,
  "training_recall-DMD": 0.9759999999999998,
  "training_f1-measure-DMD": 0.9858585858585357,
  "training_precision-CMP": 0.972277227722772,
  "training_recall-CMP": 0.9819999999999998,
  "training_f1-measure-CMP": 0.9771144278606463,
  "training_precision-LOC": 0.7829279486002754,
  "training_recall-LOC": 0.7738716262190973,
  "training_f1-measure-LOC": 0.7783734458765327,
  "training_precision-DAT": 0.9959349593495933,
  "training_recall-DAT": 0.9799999999999998,
  "training_f1-measure-DAT": 0.9879032258064014,
  "training_precision-ORG": 0.6227164416203336,
  "training_recall-ORG": 0.6288770053475936,
  "training_f1-measure-ORG": 0.6257815617932186,
  "training_precision-LRG": 0.9955067398901648,
  "training_recall-LRG": 0.997,
  "training_f1-measure-LRG": 0.996252810392156,
  "training_precision-PER": 0.8195505127645647,
  "training_recall-PER": 0.8074814575943244,
  "training_f1-measure-PER": 0.8134712220477057,
  "training_precision-ART": 0.964214711729622,
  "training_recall-ART": 0.9699999999999998,
  "training_f1-measure-ART": 0.9670987038882848,
  "training_precision-SAI": 0.9920239282153538,
  "training_recall-SAI": 0.9949999999999999,
  "training_f1-measure-SAI": 0.9935097353968545,
  "training_precision-SUP": 0.9965034965034965,
  "training_recall-SUP": 0.9975,
  "training_f1-measure-SUP": 0.9970014992503249,
  "training_precision-overall": 0.8244407998045853,
  "training_recall-overall": 0.8186133536606494,
  "training_f1-measure-overall": 0.82151674258488,
  "training_loss": 0.04369622866815615,
  "training_worker_0_memory_MB": 670.4609375,
  "validation_precision-DMD": 0.886792452830187,
  "validation_recall-DMD": 0.9399999999999982,
  "validation_f1-measure-DMD": 0.9126213592232494,
  "validation_precision-CMP": 0.9599999999999981,
  "validation_recall-CMP": 0.9599999999999981,
  "validation_f1-measure-CMP": 0.9599999999999481,
  "validation_precision-LOC": 0.7334049986562752,
  "validation_recall-LOC": 0.6912360688956434,
  "validation_f1-measure-LOC": 0.711696440213798,
  "validation_precision-DAT": 0.9399999999999982,
  "validation_recall-DAT": 0.9399999999999982,
  "validation_f1-measure-DAT": 0.9399999999999482,
  "validation_precision-ORG": 0.5674325674325673,
  "validation_recall-ORG": 0.4270676691729323,
  "validation_f1-measure-ORG": 0.4873444873444383,
  "validation_precision-LRG": 0.9754901960784308,
  "validation_recall-LRG": 0.9949999999999994,
  "validation_f1-measure-LRG": 0.9851485148514346,
  "validation_precision-PER": 0.7988241308793456,
  "validation_recall-PER": 0.7859657947686117,
  "validation_f1-measure-PER": 0.7923427991885911,
  "validation_precision-SAI": 0.970873786407766,
  "validation_recall-SAI": 0.999999999999999,
  "validation_f1-measure-SAI": 0.9852216748767963,
  "validation_precision-ART": 0.8727272727272711,
  "validation_recall-ART": 0.9599999999999981,
  "validation_f1-measure-ART": 0.9142857142856626,
  "validation_precision-SUP": 0.99502487562189,
  "validation_recall-SUP": 0.9999999999999994,
  "validation_f1-measure-SUP": 0.9975062344139145,
  "validation_precision-overall": 0.7605347593582887,
  "validation_recall-overall": 0.7143861764114928,
  "validation_f1-measure-overall": 0.7367384997927391,
  "validation_loss": 0.0922092038859248,
  "best_validation_precision-DMD": 0.9423076923076905,
  "best_validation_recall-DMD": 0.9799999999999981,
  "best_validation_f1-measure-DMD": 0.9607843137254385,
  "best_validation_precision-CMP": 0.9599999999999981,
  "best_validation_recall-CMP": 0.9599999999999981,
  "best_validation_f1-measure-CMP": 0.9599999999999481,
  "best_validation_precision-LOC": 0.7421097526300825,
  "best_validation_recall-LOC": 0.6610942249240122,
  "best_validation_f1-measure-LOC": 0.6992632283991466,
  "best_validation_precision-DAT": 0.9795918367346919,
  "best_validation_recall-DAT": 0.9599999999999981,
  "best_validation_f1-measure-DAT": 0.9696969696969178,
  "best_validation_precision-ORG": 0.4899919935948759,
  "best_validation_recall-ORG": 0.46015037593984964,
  "best_validation_f1-measure-ORG": 0.4746025591313964,
  "best_validation_precision-LRG": 0.9754901960784308,
  "best_validation_recall-LRG": 0.9949999999999994,
  "best_validation_f1-measure-LRG": 0.9851485148514346,
  "best_validation_precision-PER": 0.7440645773979108,
  "best_validation_recall-PER": 0.7882293762575453,
  "best_validation_f1-measure-PER": 0.7655105031753286,
  "best_validation_precision-SAI": 0.9702970297029694,
  "best_validation_recall-SAI": 0.979999999999999,
  "best_validation_f1-measure-SAI": 0.9751243781094017,
  "best_validation_precision-ART": 0.8703703703703688,
  "best_validation_recall-ART": 0.9399999999999982,
  "best_validation_f1-measure-ART": 0.9038461538461022,
  "best_validation_precision-SUP": 0.9900990099009895,
  "best_validation_recall-SUP": 0.9999999999999994,
  "best_validation_f1-measure-SUP": 0.99502487562184,
  "best_validation_precision-overall": 0.7270381836945304,
  "best_validation_recall-overall": 0.7077556761101065,
  "best_validation_f1-measure-overall": 0.7172673589899725,
  "best_validation_loss": 0.09024894040233274
}