{
  "best_epoch": 6,
  "peak_worker_0_memory_MB": 681.84765625,
  "training_duration": "0:04:07.398984",
  "training_start_epoch": 0,
  "training_epochs": 6,
  "epoch": 6,
  "training_precision-SAI": 0.991026919242273,
  "training_recall-SAI": 0.9939999999999999,
  "training_f1-measure-SAI": 0.9925112331502245,
  "training_precision-CMP": 0.9021526418786691,
  "training_recall-CMP": 0.9219999999999998,
  "training_f1-measure-CMP": 0.9119683481700784,
  "training_precision-PER": 0.734684529943891,
  "training_recall-PER": 0.689669998925078,
  "training_f1-measure-PER": 0.7114659569748891,
  "training_precision-LRG": 0.9875124875124875,
  "training_recall-LRG": 0.9885,
  "training_f1-measure-LRG": 0.9880059970014494,
  "training_precision-ART": 0.9128712871287127,
  "training_recall-ART": 0.9219999999999998,
  "training_f1-measure-ART": 0.917412935323333,
  "training_precision-DMD": 0.9470198675496686,
  "training_recall-DMD": 0.8579999999999998,
  "training_f1-measure-DMD": 0.900314795382951,
  "training_precision-LOC": 0.6928243195475433,
  "training_recall-LOC": 0.6668178725334543,
  "training_f1-measure-LOC": 0.6795723779254051,
  "training_precision-DAT": 0.9529914529914527,
  "training_recall-DAT": 0.8919999999999998,
  "training_f1-measure-DAT": 0.9214876033057349,
  "training_precision-ORG": 0.48561362301820316,
  "training_recall-ORG": 0.44224598930481285,
  "training_f1-measure-ORG": 0.462916316820549,
  "training_precision-SUP": 0.9970014992503748,
  "training_recall-SUP": 0.9975,
  "training_f1-measure-SUP": 0.997250687328118,
  "training_precision-overall": 0.751314882658058,
  "training_recall-overall": 0.7176813000242542,
  "training_f1-measure-overall": 0.7341130604288,
  "training_loss": 0.08218764083077597,
  "training_worker_0_memory_MB": 681.84765625,
  "validation_precision-SAI": 0.9900990099009891,
  "validation_recall-SAI": 0.999999999999999,
  "validation_f1-measure-SAI": 0.9950248756218396,
  "validation_precision-CMP": 0.9199999999999982,
  "validation_recall-CMP": 0.9199999999999982,
  "validation_f1-measure-CMP": 0.9199999999999482,
  "validation_precision-PER": 0.6842229014813073,
  "validation_recall-PER": 0.7318913480885312,
  "validation_f1-measure-PER": 0.7072548304775294,
  "validation_precision-LRG": 0.9949748743718587,
  "validation_recall-LRG": 0.9899999999999994,
  "validation_f1-measure-LRG": 0.9924812030074682,
  "validation_precision-ART": 0.9019607843137237,
  "validation_recall-ART": 0.9199999999999982,
  "validation_f1-measure-ART": 0.9108910891088592,
  "validation_precision-DMD": 0.8775510204081615,
  "validation_recall-DMD": 0.8599999999999983,
  "validation_f1-measure-DMD": 0.8686868686868169,
  "validation_precision-LOC": 0.6816269284712483,
  "validation_recall-LOC": 0.6155015197568389,
  "validation_f1-measure-LOC": 0.6468787435111973,
  "validation_precision-ORG": 0.29429250891795483,
  "validation_recall-ORG": 0.37218045112781956,
  "validation_f1-measure-ORG": 0.3286852589640941,
  "validation_precision-DAT": 0.9215686274509786,
  "validation_recall-DAT": 0.9399999999999982,
  "validation_f1-measure-DAT": 0.930693069306879,
  "validation_precision-SUP": 0.9999999999999994,
  "validation_recall-SUP": 0.9999999999999994,
  "validation_f1-measure-SUP": 0.9999999999999494,
  "validation_precision-overall": 0.638662876188609,
  "validation_recall-overall": 0.6545107494474584,
  "validation_f1-measure-overall": 0.6464897047878438,
  "validation_loss": 0.10288743435189375,
  "best_validation_precision-SAI": 0.9900990099009891,
  "best_validation_recall-SAI": 0.999999999999999,
  "best_validation_f1-measure-SAI": 0.9950248756218396,
  "best_validation_precision-CMP": 0.9199999999999982,
  "best_validation_recall-CMP": 0.9199999999999982,
  "best_validation_f1-measure-CMP": 0.9199999999999482,
  "best_validation_precision-PER": 0.6842229014813073,
  "best_validation_recall-PER": 0.7318913480885312,
  "best_validation_f1-measure-PER": 0.7072548304775294,
  "best_validation_precision-LRG": 0.9949748743718587,
  "best_validation_recall-LRG": 0.9899999999999994,
  "best_validation_f1-measure-LRG": 0.9924812030074682,
  "best_validation_precision-ART": 0.9019607843137237,
  "best_validation_recall-ART": 0.9199999999999982,
  "best_validation_f1-measure-ART": 0.9108910891088592,
  "best_validation_precision-DMD": 0.8775510204081615,
  "best_validation_recall-DMD": 0.8599999999999983,
  "best_validation_f1-measure-DMD": 0.8686868686868169,
  "best_validation_precision-LOC": 0.6816269284712483,
  "best_validation_recall-LOC": 0.6155015197568389,
  "best_validation_f1-measure-LOC": 0.6468787435111973,
  "best_validation_precision-ORG": 0.29429250891795483,
  "best_validation_recall-ORG": 0.37218045112781956,
  "best_validation_f1-measure-ORG": 0.3286852589640941,
  "best_validation_precision-DAT": 0.9215686274509786,
  "best_validation_recall-DAT": 0.9399999999999982,
  "best_validation_f1-measure-DAT": 0.930693069306879,
  "best_validation_precision-SUP": 0.9999999999999994,
  "best_validation_recall-SUP": 0.9999999999999994,
  "best_validation_f1-measure-SUP": 0.9999999999999494,
  "best_validation_precision-overall": 0.638662876188609,
  "best_validation_recall-overall": 0.6545107494474584,
  "best_validation_f1-measure-overall": 0.6464897047878438,
  "best_validation_loss": 0.10288743435189375
}