{
  "best_epoch": 13,
  "peak_worker_0_memory_MB": 686.828125,
  "training_duration": "0:08:19.227099",
  "training_start_epoch": 0,
  "training_epochs": 13,
  "epoch": 13,
  "training_precision-SAI": 0.993027888446215,
  "training_recall-SAI": 0.9969999999999999,
  "training_f1-measure-SAI": 0.9950099800398702,
  "training_precision-CMP": 0.9179687499999998,
  "training_recall-CMP": 0.9399999999999998,
  "training_f1-measure-CMP": 0.9288537549406615,
  "training_precision-PER": 0.8107310676428806,
  "training_recall-PER": 0.7974846823605288,
  "training_f1-measure-PER": 0.8040533217730074,
  "training_precision-LRG": 0.9929824561403509,
  "training_recall-LRG": 0.9905,
  "training_f1-measure-LRG": 0.9917396745931917,
  "training_precision-ART": 0.9499999999999997,
  "training_recall-ART": 0.9499999999999997,
  "training_f1-measure-ART": 0.9499999999999498,
  "training_precision-DMD": 0.9621848739495796,
  "training_recall-DMD": 0.9159999999999998,
  "training_f1-measure-DMD": 0.9385245901638843,
  "training_precision-LOC": 0.7671699398342604,
  "training_recall-LOC": 0.7663869358131096,
  "training_f1-measure-LOC": 0.7667782379303976,
  "training_precision-DAT": 0.9752577319587626,
  "training_recall-DAT": 0.9459999999999997,
  "training_f1-measure-DAT": 0.9604060913705081,
  "training_precision-ORG": 0.5528858709845913,
  "training_recall-ORG": 0.5660427807486631,
  "training_f1-measure-ORG": 0.5593869731800267,
  "training_precision-SUP": 0.995004995004995,
  "training_recall-SUP": 0.996,
  "training_f1-measure-SUP": 0.9955022488755122,
  "training_precision-overall": 0.8045057886868546,
  "training_recall-overall": 0.8017740203042167,
  "training_f1-measure-overall": 0.8031375815631876,
  "training_loss": 0.04844232715208226,
  "training_worker_0_memory_MB": 686.828125,
  "validation_precision-SAI": 0.9801980198019792,
  "validation_recall-SAI": 0.989999999999999,
  "validation_f1-measure-SAI": 0.9850746268656206,
  "validation_precision-CMP": 0.8846153846153829,
  "validation_recall-CMP": 0.9199999999999982,
  "validation_f1-measure-CMP": 0.9019607843136739,
  "validation_precision-PER": 0.7723797780517879,
  "validation_recall-PER": 0.7877263581488934,
  "validation_f1-measure-PER": 0.7799775868509026,
  "validation_precision-LRG": 0.9949494949494944,
  "validation_recall-LRG": 0.9849999999999994,
  "validation_f1-measure-LRG": 0.989949748743668,
  "validation_precision-ART": 0.9411764705882335,
  "validation_recall-ART": 0.9599999999999981,
  "validation_f1-measure-ART": 0.9504950495048987,
  "validation_precision-DMD": 0.9545454545454524,
  "validation_recall-DMD": 0.8399999999999983,
  "validation_f1-measure-DMD": 0.8936170212765441,
  "validation_precision-LOC": 0.7541452258433391,
  "validation_recall-LOC": 0.6681864235055724,
  "validation_f1-measure-LOC": 0.7085683588503396,
  "validation_precision-ORG": 0.46895424836601307,
  "validation_recall-ORG": 0.43157894736842106,
  "validation_f1-measure-ORG": 0.44949099451835256,
  "validation_precision-DAT": 0.9555555555555535,
  "validation_recall-DAT": 0.8599999999999983,
  "validation_f1-measure-DAT": 0.9052631578946851,
  "validation_precision-SUP": 0.9999999999999994,
  "validation_recall-SUP": 0.9999999999999994,
  "validation_f1-measure-SUP": 0.9999999999999494,
  "validation_precision-overall": 0.7413392479932404,
  "validation_recall-overall": 0.7051436608398634,
  "validation_f1-measure-overall": 0.7227885902584198,
  "validation_loss": 0.0883843518392242,
  "best_validation_precision-SAI": 0.9801980198019792,
  "best_validation_recall-SAI": 0.989999999999999,
  "best_validation_f1-measure-SAI": 0.9850746268656206,
  "best_validation_precision-CMP": 0.8846153846153829,
  "best_validation_recall-CMP": 0.9199999999999982,
  "best_validation_f1-measure-CMP": 0.9019607843136739,
  "best_validation_precision-PER": 0.7723797780517879,
  "best_validation_recall-PER": 0.7877263581488934,
  "best_validation_f1-measure-PER": 0.7799775868509026,
  "best_validation_precision-LRG": 0.9949494949494944,
  "best_validation_recall-LRG": 0.9849999999999994,
  "best_validation_f1-measure-LRG": 0.989949748743668,
  "best_validation_precision-ART": 0.9411764705882335,
  "best_validation_recall-ART": 0.9599999999999981,
  "best_validation_f1-measure-ART": 0.9504950495048987,
  "best_validation_precision-DMD": 0.9545454545454524,
  "best_validation_recall-DMD": 0.8399999999999983,
  "best_validation_f1-measure-DMD": 0.8936170212765441,
  "best_validation_precision-LOC": 0.7541452258433391,
  "best_validation_recall-LOC": 0.6681864235055724,
  "best_validation_f1-measure-LOC": 0.7085683588503396,
  "best_validation_precision-ORG": 0.46895424836601307,
  "best_validation_recall-ORG": 0.43157894736842106,
  "best_validation_f1-measure-ORG": 0.44949099451835256,
  "best_validation_precision-DAT": 0.9555555555555535,
  "best_validation_recall-DAT": 0.8599999999999983,
  "best_validation_f1-measure-DAT": 0.9052631578946851,
  "best_validation_precision-SUP": 0.9999999999999994,
  "best_validation_recall-SUP": 0.9999999999999994,
  "best_validation_f1-measure-SUP": 0.9999999999999494,
  "best_validation_precision-overall": 0.7413392479932404,
  "best_validation_recall-overall": 0.7051436608398634,
  "best_validation_f1-measure-overall": 0.7227885902584198,
  "best_validation_loss": 0.0883843518392242
}