{
  "best_epoch": 12,
  "peak_worker_0_memory_MB": 684.65625,
  "training_duration": "0:07:43.375825",
  "training_start_epoch": 0,
  "training_epochs": 12,
  "epoch": 12,
  "training_precision-SAI": 0.997005988023952,
  "training_recall-SAI": 0.9989999999999999,
  "training_f1-measure-SAI": 0.998001998001948,
  "training_precision-CMP": 0.9212598425196848,
  "training_recall-CMP": 0.9359999999999998,
  "training_f1-measure-CMP": 0.9285714285713785,
  "training_precision-PER": 0.8012205754141238,
  "training_recall-PER": 0.7902827045039235,
  "training_f1-measure-PER": 0.7957140537907397,
  "training_precision-LRG": 0.9925074925074925,
  "training_recall-LRG": 0.9935,
  "training_f1-measure-LRG": 0.9930034982508247,
  "training_precision-ART": 0.9563492063492062,
  "training_recall-ART": 0.9639999999999997,
  "training_f1-measure-ART": 0.9601593625497505,
  "training_precision-DMD": 0.957446808510638,
  "training_recall-DMD": 0.8999999999999998,
  "training_f1-measure-DMD": 0.9278350515463415,
  "training_precision-LOC": 0.7539943342776204,
  "training_recall-LOC": 0.7545928782036743,
  "training_f1-measure-LOC": 0.7542934875020756,
  "training_precision-DAT": 0.9732510288065841,
  "training_recall-DAT": 0.9459999999999997,
  "training_f1-measure-DAT": 0.9594320486814913,
  "training_precision-ORG": 0.5529666756976429,
  "training_recall-ORG": 0.5457219251336899,
  "training_f1-measure-ORG": 0.5493204144798316,
  "training_precision-SUP": 0.9955089820359282,
  "training_recall-SUP": 0.9975,
  "training_f1-measure-SUP": 0.9965034965034466,
  "training_precision-overall": 0.7988349379098647,
  "training_recall-overall": 0.7934929489622674,
  "training_f1-measure-overall": 0.7961549827043253,
  "training_loss": 0.05147780730449508,
  "training_worker_0_memory_MB": 684.65625,
  "validation_precision-SAI": 0.999999999999999,
  "validation_recall-SAI": 0.999999999999999,
  "validation_f1-measure-SAI": 0.9999999999999489,
  "validation_precision-CMP": 0.862745098039214,
  "validation_recall-CMP": 0.8799999999999982,
  "validation_f1-measure-CMP": 0.8712871287128197,
  "validation_precision-PER": 0.7517440461871542,
  "validation_recall-PER": 0.7859657947686117,
  "validation_f1-measure-PER": 0.7684741177916627,
  "validation_precision-LRG": 0.9899999999999994,
  "validation_recall-LRG": 0.9899999999999994,
  "validation_f1-measure-LRG": 0.9899999999999495,
  "validation_precision-ART": 0.8823529411764689,
  "validation_recall-ART": 0.8999999999999982,
  "validation_f1-measure-ART": 0.8910891089108395,
  "validation_precision-DMD": 0.9787234042553171,
  "validation_recall-DMD": 0.9199999999999982,
  "validation_f1-measure-DMD": 0.9484536082473708,
  "validation_precision-LOC": 0.7310855263157895,
  "validation_recall-LOC": 0.675531914893617,
  "validation_f1-measure-LOC": 0.7022116903632992,
  "validation_precision-ORG": 0.45726141078838173,
  "validation_recall-ORG": 0.4142857142857143,
  "validation_f1-measure-ORG": 0.43471400394472326,
  "validation_precision-DAT": 0.9999999999999977,
  "validation_recall-DAT": 0.8599999999999983,
  "validation_f1-measure-DAT": 0.9247311827956474,
  "validation_precision-SUP": 0.9949999999999994,
  "validation_recall-SUP": 0.9949999999999994,
  "validation_f1-measure-SUP": 0.9949999999999495,
  "validation_precision-overall": 0.7233560090702947,
  "validation_recall-overall": 0.7050431987140848,
  "validation_f1-measure-overall": 0.7140822140821641,
  "validation_loss": 0.08845153108609144,
  "best_validation_precision-SAI": 0.999999999999999,
  "best_validation_recall-SAI": 0.999999999999999,
  "best_validation_f1-measure-SAI": 0.9999999999999489,
  "best_validation_precision-CMP": 0.862745098039214,
  "best_validation_recall-CMP": 0.8799999999999982,
  "best_validation_f1-measure-CMP": 0.8712871287128197,
  "best_validation_precision-PER": 0.7517440461871542,
  "best_validation_recall-PER": 0.7859657947686117,
  "best_validation_f1-measure-PER": 0.7684741177916627,
  "best_validation_precision-LRG": 0.9899999999999994,
  "best_validation_recall-LRG": 0.9899999999999994,
  "best_validation_f1-measure-LRG": 0.9899999999999495,
  "best_validation_precision-ART": 0.8823529411764689,
  "best_validation_recall-ART": 0.8999999999999982,
  "best_validation_f1-measure-ART": 0.8910891089108395,
  "best_validation_precision-DMD": 0.9787234042553171,
  "best_validation_recall-DMD": 0.9199999999999982,
  "best_validation_f1-measure-DMD": 0.9484536082473708,
  "best_validation_precision-LOC": 0.7310855263157895,
  "best_validation_recall-LOC": 0.675531914893617,
  "best_validation_f1-measure-LOC": 0.7022116903632992,
  "best_validation_precision-ORG": 0.45726141078838173,
  "best_validation_recall-ORG": 0.4142857142857143,
  "best_validation_f1-measure-ORG": 0.43471400394472326,
  "best_validation_precision-DAT": 0.9999999999999977,
  "best_validation_recall-DAT": 0.8599999999999983,
  "best_validation_f1-measure-DAT": 0.9247311827956474,
  "best_validation_precision-SUP": 0.9949999999999994,
  "best_validation_recall-SUP": 0.9949999999999994,
  "best_validation_f1-measure-SUP": 0.9949999999999495,
  "best_validation_precision-overall": 0.7233560090702947,
  "best_validation_recall-overall": 0.7050431987140848,
  "best_validation_f1-measure-overall": 0.7140822140821641,
  "best_validation_loss": 0.08845153108609144
}