{
  "best_epoch": 9,
  "peak_worker_0_memory_MB": 666.96875,
  "training_duration": "0:06:26.158539",
  "training_start_epoch": 0,
  "training_epochs": 10,
  "epoch": 10,
  "training_precision-DMD": 0.9959349593495933,
  "training_recall-DMD": 0.9799999999999998,
  "training_f1-measure-DMD": 0.9879032258064014,
  "training_precision-CMP": 0.948818897637795,
  "training_recall-CMP": 0.9639999999999997,
  "training_f1-measure-CMP": 0.956349206349156,
  "training_precision-LOC": 0.742890307603018,
  "training_recall-LOC": 0.7257881605806306,
  "training_f1-measure-LOC": 0.7342396604141072,
  "training_precision-DAT": 0.9938398357289525,
  "training_recall-DAT": 0.9679999999999997,
  "training_f1-measure-DAT": 0.9807497467071433,
  "training_precision-ORG": 0.5800109229929,
  "training_recall-ORG": 0.5679144385026738,
  "training_f1-measure-ORG": 0.5738989462306985,
  "training_precision-LRG": 0.9970059880239521,
  "training_recall-LRG": 0.999,
  "training_f1-measure-LRG": 0.998001998001948,
  "training_precision-PER": 0.7906308695171804,
  "training_recall-PER": 0.7692142319681823,
  "training_f1-measure-PER": 0.7797755257708991,
  "training_precision-ART": 0.9681274900398404,
  "training_recall-ART": 0.9719999999999998,
  "training_f1-measure-ART": 0.9700598802394709,
  "training_precision-SAI": 0.9920398009950248,
  "training_recall-SAI": 0.9969999999999999,
  "training_f1-measure-SAI": 0.9945137157106733,
  "training_precision-SUP": 0.999000499750125,
  "training_recall-SUP": 0.9995,
  "training_f1-measure-SUP": 0.9992501874530868,
  "training_precision-overall": 0.7983902284039962,
  "training_recall-overall": 0.7836180312532484,
  "training_f1-measure-overall": 0.7909351612225841,
  "training_loss": 0.05648676996111512,
  "training_worker_0_memory_MB": 666.96875,
  "validation_precision-DMD": 0.9615384615384597,
  "validation_recall-DMD": 0.999999999999998,
  "validation_f1-measure-DMD": 0.9803921568626932,
  "validation_precision-CMP": 0.9038461538461521,
  "validation_recall-CMP": 0.9399999999999982,
  "validation_f1-measure-CMP": 0.9215686274509287,
  "validation_precision-LOC": 0.7487730061349693,
  "validation_recall-LOC": 0.6182877406281662,
  "validation_f1-measure-LOC": 0.6773029966703168,
  "validation_precision-DAT": 0.999999999999998,
  "validation_recall-DAT": 0.9799999999999981,
  "validation_f1-measure-DAT": 0.989898989898938,
  "validation_precision-ORG": 0.4901785714285714,
  "validation_recall-ORG": 0.412781954887218,
  "validation_f1-measure-ORG": 0.4481632653060728,
  "validation_precision-LRG": 0.9851485148514846,
  "validation_recall-LRG": 0.9949999999999994,
  "validation_f1-measure-LRG": 0.9900497512437306,
  "validation_precision-PER": 0.801796580701246,
  "validation_recall-PER": 0.6959255533199196,
  "validation_f1-measure-PER": 0.7451191598222203,
  "validation_precision-SAI": 0.9607843137254892,
  "validation_recall-SAI": 0.979999999999999,
  "validation_f1-measure-SAI": 0.9702970297029194,
  "validation_precision-ART": 0.9230769230769214,
  "validation_recall-ART": 0.9599999999999981,
  "validation_f1-measure-ART": 0.9411764705881837,
  "validation_precision-SUP": 0.9900990099009895,
  "validation_recall-SUP": 0.9999999999999994,
  "validation_f1-measure-SUP": 0.99502487562184,
  "validation_precision-overall": 0.7548583469913369,
  "validation_recall-overall": 0.6477797870202934,
  "validation_f1-measure-overall": 0.697231833909985,
  "validation_loss": 0.09305689628950635,
  "best_validation_precision-DMD": 0.9259259259259243,
  "best_validation_recall-DMD": 0.999999999999998,
  "best_validation_f1-measure-DMD": 0.9615384615384098,
  "best_validation_precision-CMP": 0.9423076923076905,
  "best_validation_recall-CMP": 0.9799999999999981,
  "best_validation_f1-measure-CMP": 0.9607843137254385,
  "best_validation_precision-LOC": 0.6934700485698867,
  "best_validation_recall-LOC": 0.6509625126646403,
  "best_validation_f1-measure-LOC": 0.6715442905669738,
  "best_validation_precision-DAT": 0.999999999999998,
  "best_validation_recall-DAT": 0.9799999999999981,
  "best_validation_f1-measure-DAT": 0.989898989898938,
  "best_validation_precision-ORG": 0.4597315436241611,
  "best_validation_recall-ORG": 0.4120300751879699,
  "best_validation_f1-measure-ORG": 0.4345757335447558,
  "best_validation_precision-LRG": 0.9851485148514846,
  "best_validation_recall-LRG": 0.9949999999999994,
  "best_validation_f1-measure-LRG": 0.9900497512437306,
  "best_validation_precision-PER": 0.7357933579335794,
  "best_validation_recall-PER": 0.7522635814889336,
  "best_validation_f1-measure-PER": 0.7439373212286529,
  "best_validation_precision-SAI": 0.9607843137254892,
  "best_validation_recall-SAI": 0.979999999999999,
  "best_validation_f1-measure-SAI": 0.9702970297029194,
  "best_validation_precision-ART": 0.9056603773584889,
  "best_validation_recall-ART": 0.9599999999999981,
  "best_validation_f1-measure-ART": 0.9320388349514046,
  "best_validation_precision-SUP": 0.99502487562189,
  "best_validation_recall-SUP": 0.9999999999999994,
  "best_validation_f1-measure-SUP": 0.9975062344139145,
  "best_validation_precision-overall": 0.7029764365440264,
  "best_validation_recall-overall": 0.6833433795459112,
  "best_validation_f1-measure-overall": 0.6930208863983198,
  "best_validation_loss": 0.09271138888056174
}