{
  "best_epoch": 14,
  "peak_worker_0_memory_MB": 687.5,
  "training_duration": "0:10:08.582672",
  "training_start_epoch": 0,
  "training_epochs": 16,
  "epoch": 16,
  "training_precision-SAI": 0.9880597014925372,
  "training_recall-SAI": 0.9929999999999999,
  "training_f1-measure-SAI": 0.9905236907730173,
  "training_precision-CMP": 0.9117647058823527,
  "training_recall-CMP": 0.9299999999999998,
  "training_f1-measure-CMP": 0.9207920792078707,
  "training_precision-PER": 0.8291915355398807,
  "training_recall-PER": 0.8213479522734601,
  "training_f1-measure-PER": 0.825251107030947,
  "training_precision-LRG": 0.993993993993994,
  "training_recall-LRG": 0.993,
  "training_f1-measure-LRG": 0.9934967483741372,
  "training_precision-ART": 0.9581673306772907,
  "training_recall-ART": 0.9619999999999997,
  "training_f1-measure-ART": 0.9600798403193112,
  "training_precision-DMD": 0.9621052631578945,
  "training_recall-DMD": 0.9139999999999998,
  "training_f1-measure-DMD": 0.9374358974358472,
  "training_precision-LOC": 0.7774792925901052,
  "training_recall-LOC": 0.7877069630301655,
  "training_f1-measure-LOC": 0.7825597115817436,
  "training_precision-DAT": 0.9854771784232362,
  "training_recall-DAT": 0.9499999999999997,
  "training_f1-measure-DAT": 0.9674134419551433,
  "training_precision-ORG": 0.5647332988089073,
  "training_recall-ORG": 0.5831550802139037,
  "training_f1-measure-ORG": 0.57379636937643,
  "training_precision-SUP": 0.9975012493753124,
  "training_recall-SUP": 0.998,
  "training_f1-measure-SUP": 0.9977505623593602,
  "training_precision-overall": 0.8149668782776704,
  "training_recall-overall": 0.8184401094903156,
  "training_f1-measure-overall": 0.8166998011927931,
  "training_loss": 0.04155580676824377,
  "training_worker_0_memory_MB": 687.5,
  "validation_precision-SAI": 0.999999999999999,
  "validation_recall-SAI": 0.999999999999999,
  "validation_f1-measure-SAI": 0.9999999999999489,
  "validation_precision-CMP": 0.8461538461538445,
  "validation_recall-CMP": 0.8799999999999982,
  "validation_f1-measure-CMP": 0.8627450980391641,
  "validation_precision-PER": 0.7795236926098699,
  "validation_recall-PER": 0.7985412474849095,
  "validation_f1-measure-PER": 0.7889178779972169,
  "validation_precision-LRG": 0.9949748743718587,
  "validation_recall-LRG": 0.9899999999999994,
  "validation_f1-measure-LRG": 0.9924812030074682,
  "validation_precision-ART": 0.9411764705882335,
  "validation_recall-ART": 0.9599999999999981,
  "validation_f1-measure-ART": 0.9504950495048987,
  "validation_precision-DMD": 0.9148936170212747,
  "validation_recall-DMD": 0.8599999999999983,
  "validation_f1-measure-DMD": 0.8865979381442782,
  "validation_precision-LOC": 0.7731141766950397,
  "validation_recall-LOC": 0.6671732522796353,
  "validation_f1-measure-LOC": 0.7162474507137505,
  "validation_precision-ORG": 0.45421511627906974,
  "validation_recall-ORG": 0.4699248120300752,
  "validation_f1-measure-ORG": 0.46193643754614366,
  "validation_precision-DAT": 0.9787234042553171,
  "validation_recall-DAT": 0.9199999999999982,
  "validation_f1-measure-DAT": 0.9484536082473708,
  "validation_precision-SUP": 0.99502487562189,
  "validation_recall-SUP": 0.9999999999999994,
  "validation_f1-measure-SUP": 0.9975062344139145,
  "validation_precision-overall": 0.7445828535538574,
  "validation_recall-overall": 0.71458710066305,
  "validation_f1-measure-overall": 0.7292766699133145,
  "validation_loss": 0.09020172939060381,
  "best_validation_precision-SAI": 0.999999999999999,
  "best_validation_recall-SAI": 0.999999999999999,
  "best_validation_f1-measure-SAI": 0.9999999999999489,
  "best_validation_precision-CMP": 0.9230769230769214,
  "best_validation_recall-CMP": 0.9599999999999981,
  "best_validation_f1-measure-CMP": 0.9411764705881837,
  "best_validation_precision-PER": 0.7869098176367724,
  "best_validation_recall-PER": 0.7922535211267606,
  "best_validation_f1-measure-PER": 0.7895726281488408,
  "best_validation_precision-LRG": 0.9999999999999994,
  "best_validation_recall-LRG": 0.9999999999999994,
  "best_validation_f1-measure-LRG": 0.9999999999999494,
  "best_validation_precision-ART": 0.9411764705882335,
  "best_validation_recall-ART": 0.9599999999999981,
  "best_validation_f1-measure-ART": 0.9504950495048987,
  "best_validation_precision-DMD": 0.9756097560975586,
  "best_validation_recall-DMD": 0.7999999999999984,
  "best_validation_f1-measure-DMD": 0.8791208791208278,
  "best_validation_precision-LOC": 0.7406292749658002,
  "best_validation_recall-LOC": 0.6856636271529889,
  "best_validation_f1-measure-LOC": 0.7120873339470762,
  "best_validation_precision-ORG": 0.4882096069868996,
  "best_validation_recall-ORG": 0.42030075187969923,
  "best_validation_f1-measure-ORG": 0.451717171717122,
  "best_validation_precision-DAT": 0.9347826086956501,
  "best_validation_recall-DAT": 0.8599999999999983,
  "best_validation_f1-measure-DAT": 0.8958333333332816,
  "best_validation_precision-SUP": 0.9999999999999994,
  "best_validation_recall-SUP": 0.9999999999999994,
  "best_validation_f1-measure-SUP": 0.9999999999999494,
  "best_validation_precision-overall": 0.7473928157589803,
  "best_validation_recall-overall": 0.7127787823990356,
  "best_validation_f1-measure-overall": 0.72967552835908,
  "best_validation_loss": 0.08831535793650046
}