{
  "best_epoch": 14,
  "peak_worker_0_memory_MB": 687.5,
  "training_duration": "0:08:55.477718",
  "training_start_epoch": 0,
  "training_epochs": 14,
  "epoch": 14,
  "training_precision-SAI": 0.9940179461615153,
  "training_recall-SAI": 0.9969999999999999,
  "training_f1-measure-SAI": 0.9955067398901146,
  "training_precision-CMP": 0.9233791748526521,
  "training_recall-CMP": 0.9399999999999998,
  "training_f1-measure-CMP": 0.9316154608522789,
  "training_precision-PER": 0.8213234492532432,
  "training_recall-PER": 0.8098462861442546,
  "training_f1-measure-PER": 0.8155444901493331,
  "training_precision-LRG": 0.9964982491245623,
  "training_recall-LRG": 0.996,
  "training_f1-measure-LRG": 0.9962490622655165,
  "training_precision-ART": 0.9659999999999997,
  "training_recall-ART": 0.9659999999999997,
  "training_f1-measure-ART": 0.9659999999999498,
  "training_precision-DMD": 0.9676724137931032,
  "training_recall-DMD": 0.8979999999999998,
  "training_f1-measure-DMD": 0.9315352697094935,
  "training_precision-LOC": 0.7723375451263538,
  "training_recall-LOC": 0.7763665230210932,
  "training_f1-measure-LOC": 0.7743467933491187,
  "training_precision-DAT": 0.9834368530020702,
  "training_recall-DAT": 0.9499999999999997,
  "training_f1-measure-DAT": 0.9664292980670913,
  "training_precision-ORG": 0.560272536687631,
  "training_recall-ORG": 0.5716577540106952,
  "training_f1-measure-ORG": 0.5659078877712576,
  "training_precision-SUP": 0.99899849774662,
  "training_recall-SUP": 0.9975,
  "training_f1-measure-SUP": 0.9982486865148363,
  "training_precision-overall": 0.8115454040544293,
  "training_recall-overall": 0.8100550916461661,
  "training_f1-measure-overall": 0.8107995630234115,
  "training_loss": 0.04580910253229689,
  "training_worker_0_memory_MB": 687.5,
  "validation_precision-SAI": 0.999999999999999,
  "validation_recall-SAI": 0.999999999999999,
  "validation_f1-measure-SAI": 0.9999999999999489,
  "validation_precision-CMP": 0.9230769230769214,
  "validation_recall-CMP": 0.9599999999999981,
  "validation_f1-measure-CMP": 0.9411764705881837,
  "validation_precision-PER": 0.7869098176367724,
  "validation_recall-PER": 0.7922535211267606,
  "validation_f1-measure-PER": 0.7895726281488408,
  "validation_precision-LRG": 0.9999999999999994,
  "validation_recall-LRG": 0.9999999999999994,
  "validation_f1-measure-LRG": 0.9999999999999494,
  "validation_precision-ART": 0.9411764705882335,
  "validation_recall-ART": 0.9599999999999981,
  "validation_f1-measure-ART": 0.9504950495048987,
  "validation_precision-DMD": 0.9756097560975586,
  "validation_recall-DMD": 0.7999999999999984,
  "validation_f1-measure-DMD": 0.8791208791208278,
  "validation_precision-LOC": 0.7406292749658002,
  "validation_recall-LOC": 0.6856636271529889,
  "validation_f1-measure-LOC": 0.7120873339470762,
  "validation_precision-ORG": 0.4882096069868996,
  "validation_recall-ORG": 0.42030075187969923,
  "validation_f1-measure-ORG": 0.451717171717122,
  "validation_precision-DAT": 0.9347826086956501,
  "validation_recall-DAT": 0.8599999999999983,
  "validation_f1-measure-DAT": 0.8958333333332816,
  "validation_precision-SUP": 0.9999999999999994,
  "validation_recall-SUP": 0.9999999999999994,
  "validation_f1-measure-SUP": 0.9999999999999494,
  "validation_precision-overall": 0.7473928157589803,
  "validation_recall-overall": 0.7127787823990356,
  "validation_f1-measure-overall": 0.72967552835908,
  "validation_loss": 0.08831535793650046,
  "best_validation_precision-SAI": 0.999999999999999,
  "best_validation_recall-SAI": 0.999999999999999,
  "best_validation_f1-measure-SAI": 0.9999999999999489,
  "best_validation_precision-CMP": 0.9230769230769214,
  "best_validation_recall-CMP": 0.9599999999999981,
  "best_validation_f1-measure-CMP": 0.9411764705881837,
  "best_validation_precision-PER": 0.7869098176367724,
  "best_validation_recall-PER": 0.7922535211267606,
  "best_validation_f1-measure-PER": 0.7895726281488408,
  "best_validation_precision-LRG": 0.9999999999999994,
  "best_validation_recall-LRG": 0.9999999999999994,
  "best_validation_f1-measure-LRG": 0.9999999999999494,
  "best_validation_precision-ART": 0.9411764705882335,
  "best_validation_recall-ART": 0.9599999999999981,
  "best_validation_f1-measure-ART": 0.9504950495048987,
  "best_validation_precision-DMD": 0.9756097560975586,
  "best_validation_recall-DMD": 0.7999999999999984,
  "best_validation_f1-measure-DMD": 0.8791208791208278,
  "best_validation_precision-LOC": 0.7406292749658002,
  "best_validation_recall-LOC": 0.6856636271529889,
  "best_validation_f1-measure-LOC": 0.7120873339470762,
  "best_validation_precision-ORG": 0.4882096069868996,
  "best_validation_recall-ORG": 0.42030075187969923,
  "best_validation_f1-measure-ORG": 0.451717171717122,
  "best_validation_precision-DAT": 0.9347826086956501,
  "best_validation_recall-DAT": 0.8599999999999983,
  "best_validation_f1-measure-DAT": 0.8958333333332816,
  "best_validation_precision-SUP": 0.9999999999999994,
  "best_validation_recall-SUP": 0.9999999999999994,
  "best_validation_f1-measure-SUP": 0.9999999999999494,
  "best_validation_precision-overall": 0.7473928157589803,
  "best_validation_recall-overall": 0.7127787823990356,
  "best_validation_f1-measure-overall": 0.72967552835908,
  "best_validation_loss": 0.08831535793650046
}