{
  "best_epoch": 1,
  "peak_worker_0_memory_MB": 636.1875,
  "training_duration": "0:01:09.693970",
  "training_start_epoch": 0,
  "training_epochs": 1,
  "epoch": 1,
  "training_precision-DMD": 0.9837837837837832,
  "training_recall-DMD": 0.36399999999999993,
  "training_f1-measure-DMD": 0.5313868613138291,
  "training_precision-CMP": 0.27593360995850613,
  "training_recall-CMP": 0.26599999999999996,
  "training_f1-measure-CMP": 0.2708757637474041,
  "training_precision-LOC": 0.46821800367421923,
  "training_recall-LOC": 0.433545021546836,
  "training_f1-measure-LOC": 0.45021492080310616,
  "training_precision-DAT": 0.9677419354838699,
  "training_recall-DAT": 0.17999999999999997,
  "training_f1-measure-DAT": 0.3035413153456733,
  "training_precision-ORG": 0.12034837688044339,
  "training_recall-ORG": 0.040641711229946524,
  "training_f1-measure-ORG": 0.06076354187483733,
  "training_precision-LRG": 0.7609825224374114,
  "training_recall-LRG": 0.8055,
  "training_f1-measure-LRG": 0.782608695652124,
  "training_precision-PER": 0.5799266603286704,
  "training_recall-PER": 0.45899172310007524,
  "training_f1-measure-PER": 0.5124204968198235,
  "training_precision-ART": 0.34210526315789463,
  "training_recall-ART": 0.2859999999999999,
  "training_f1-measure-ART": 0.311546840958556,
  "training_precision-SAI": 0.6297520661157024,
  "training_recall-SAI": 0.7619999999999999,
  "training_f1-measure-SAI": 0.6895927601809458,
  "training_precision-SUP": 0.8632664134563213,
  "training_recall-SUP": 0.7955,
  "training_f1-measure-SUP": 0.8279989591464504,
  "training_precision-overall": 0.5513202817753576,
  "training_recall-overall": 0.44201517618932123,
  "training_f1-measure-overall": 0.49065384615379676,
  "training_loss": 0.16465095993077755,
  "training_worker_0_memory_MB": 636.1875,
  "validation_precision-DMD": 0.9799999999999981,
  "validation_recall-DMD": 0.9799999999999981,
  "validation_f1-measure-DMD": 0.9799999999999481,
  "validation_precision-CMP": 0.8199999999999984,
  "validation_recall-CMP": 0.8199999999999984,
  "validation_f1-measure-CMP": 0.8199999999999484,
  "validation_precision-LOC": 0.6088573360378634,
  "validation_recall-LOC": 0.4561803444782168,
  "validation_f1-measure-LOC": 0.5215754416448976,
  "validation_precision-DAT": 0.9512195121951197,
  "validation_recall-DAT": 0.7799999999999985,
  "validation_f1-measure-DAT": 0.8571428571428058,
  "validation_precision-ORG": 0.25621890547263676,
  "validation_recall-ORG": 0.0774436090225564,
  "validation_f1-measure-ORG": 0.11893764434176576,
  "validation_precision-LRG": 0.9803921568627445,
  "validation_recall-LRG": 0.9999999999999994,
  "validation_f1-measure-LRG": 0.9900990099009396,
  "validation_precision-PER": 0.5946242457487658,
  "validation_recall-PER": 0.545271629778672,
  "validation_f1-measure-PER": 0.5688795591707715,
  "validation_precision-SAI": 0.903846153846153,
  "validation_recall-SAI": 0.9399999999999991,
  "validation_f1-measure-SAI": 0.9215686274509295,
  "validation_precision-ART": 0.7199999999999985,
  "validation_recall-ART": 0.7199999999999985,
  "validation_f1-measure-ART": 0.7199999999999486,
  "validation_precision-SUP": 0.9851485148514846,
  "validation_recall-SUP": 0.9949999999999994,
  "validation_f1-measure-SUP": 0.9900497512437306,
  "validation_precision-overall": 0.613727779940314,
  "validation_recall-overall": 0.4751858549326904,
  "validation_f1-measure-overall": 0.5356435082950644,
  "validation_loss": 0.15209669594591288,
  "best_validation_precision-DMD": 0.9799999999999981,
  "best_validation_recall-DMD": 0.9799999999999981,
  "best_validation_f1-measure-DMD": 0.9799999999999481,
  "best_validation_precision-CMP": 0.8199999999999984,
  "best_validation_recall-CMP": 0.8199999999999984,
  "best_validation_f1-measure-CMP": 0.8199999999999484,
  "best_validation_precision-LOC": 0.6088573360378634,
  "best_validation_recall-LOC": 0.4561803444782168,
  "best_validation_f1-measure-LOC": 0.5215754416448976,
  "best_validation_precision-DAT": 0.9512195121951197,
  "best_validation_recall-DAT": 0.7799999999999985,
  "best_validation_f1-measure-DAT": 0.8571428571428058,
  "best_validation_precision-ORG": 0.25621890547263676,
  "best_validation_recall-ORG": 0.0774436090225564,
  "best_validation_f1-measure-ORG": 0.11893764434176576,
  "best_validation_precision-LRG": 0.9803921568627445,
  "best_validation_recall-LRG": 0.9999999999999994,
  "best_validation_f1-measure-LRG": 0.9900990099009396,
  "best_validation_precision-PER": 0.5946242457487658,
  "best_validation_recall-PER": 0.545271629778672,
  "best_validation_f1-measure-PER": 0.5688795591707715,
  "best_validation_precision-SAI": 0.903846153846153,
  "best_validation_recall-SAI": 0.9399999999999991,
  "best_validation_f1-measure-SAI": 0.9215686274509295,
  "best_validation_precision-ART": 0.7199999999999985,
  "best_validation_recall-ART": 0.7199999999999985,
  "best_validation_f1-measure-ART": 0.7199999999999486,
  "best_validation_precision-SUP": 0.9851485148514846,
  "best_validation_recall-SUP": 0.9949999999999994,
  "best_validation_f1-measure-SUP": 0.9900497512437306,
  "best_validation_precision-overall": 0.613727779940314,
  "best_validation_recall-overall": 0.4751858549326904,
  "best_validation_f1-measure-overall": 0.5356435082950644,
  "best_validation_loss": 0.15209669594591288
}