{
  "best_epoch": 11,
  "peak_worker_0_memory_MB": 667.14453125,
  "training_duration": "0:07:00.848250",
  "training_start_epoch": 0,
  "training_epochs": 11,
  "epoch": 11,
  "training_precision-DMD": 0.995926680244399,
  "training_recall-DMD": 0.9779999999999998,
  "training_f1-measure-DMD": 0.9868819374368822,
  "training_precision-CMP": 0.9662027833001986,
  "training_recall-CMP": 0.9719999999999998,
  "training_f1-measure-CMP": 0.9690927218344463,
  "training_precision-LOC": 0.7487662114082405,
  "training_recall-LOC": 0.7398503061918802,
  "training_f1-measure-LOC": 0.7442815583822442,
  "training_precision-DAT": 0.9938650306748464,
  "training_recall-DAT": 0.9719999999999998,
  "training_f1-measure-DAT": 0.9828109201212846,
  "training_precision-ORG": 0.595635775862069,
  "training_recall-ORG": 0.5911764705882353,
  "training_f1-measure-ORG": 0.5933977455716086,
  "training_precision-LRG": 0.9940179461615155,
  "training_recall-LRG": 0.997,
  "training_f1-measure-LRG": 0.9955067398901147,
  "training_precision-PER": 0.8035910993610927,
  "training_recall-PER": 0.7841556487154682,
  "training_f1-measure-PER": 0.7937544203252861,
  "training_precision-ART": 0.9701195219123504,
  "training_recall-ART": 0.9739999999999998,
  "training_f1-measure-ART": 0.9720558882235028,
  "training_precision-SAI": 0.9910179640718562,
  "training_recall-SAI": 0.9929999999999999,
  "training_f1-measure-SAI": 0.9920079920079419,
  "training_precision-SUP": 0.9985007496251874,
  "training_recall-SUP": 0.999,
  "training_f1-measure-SUP": 0.9987503124218446,
  "training_precision-overall": 0.8058041197319016,
  "training_recall-overall": 0.7956411766744049,
  "training_f1-measure-overall": 0.8006904006415344,
  "training_loss": 0.05212652823859503,
  "training_worker_0_memory_MB": 667.14453125,
  "validation_precision-DMD": 0.9615384615384597,
  "validation_recall-DMD": 0.999999999999998,
  "validation_f1-measure-DMD": 0.9803921568626932,
  "validation_precision-CMP": 0.9799999999999981,
  "validation_recall-CMP": 0.9799999999999981,
  "validation_f1-measure-CMP": 0.9799999999999481,
  "validation_precision-LOC": 0.7393536695862277,
  "validation_recall-LOC": 0.6200607902735562,
  "validation_f1-measure-LOC": 0.6744730679156412,
  "validation_precision-DAT": 0.9799999999999981,
  "validation_recall-DAT": 0.9799999999999981,
  "validation_f1-measure-DAT": 0.9799999999999481,
  "validation_precision-ORG": 0.4680327868852459,
  "validation_recall-ORG": 0.4293233082706767,
  "validation_f1-measure-ORG": 0.44784313725485203,
  "validation_precision-LRG": 0.9754901960784308,
  "validation_recall-LRG": 0.9949999999999994,
  "validation_f1-measure-LRG": 0.9851485148514346,
  "validation_precision-PER": 0.7764947395432384,
  "validation_recall-PER": 0.7610663983903421,
  "validation_f1-measure-PER": 0.7687031627079395,
  "validation_precision-SAI": 0.9607843137254892,
  "validation_recall-SAI": 0.979999999999999,
  "validation_f1-measure-SAI": 0.9702970297029194,
  "validation_precision-ART": 0.9230769230769214,
  "validation_recall-ART": 0.9599999999999981,
  "validation_f1-measure-ART": 0.9411764705881837,
  "validation_precision-SUP": 0.9851485148514846,
  "validation_recall-SUP": 0.9949999999999994,
  "validation_f1-measure-SUP": 0.9900497512437306,
  "validation_precision-overall": 0.737089715536105,
  "validation_recall-overall": 0.6768133413703034,
  "validation_f1-measure-overall": 0.7056667015815988,
  "validation_loss": 0.09155055582080641,
  "best_validation_precision-DMD": 0.9615384615384597,
  "best_validation_recall-DMD": 0.999999999999998,
  "best_validation_f1-measure-DMD": 0.9803921568626932,
  "best_validation_precision-CMP": 0.9799999999999981,
  "best_validation_recall-CMP": 0.9799999999999981,
  "best_validation_f1-measure-CMP": 0.9799999999999481,
  "best_validation_precision-LOC": 0.7393536695862277,
  "best_validation_recall-LOC": 0.6200607902735562,
  "best_validation_f1-measure-LOC": 0.6744730679156412,
  "best_validation_precision-DAT": 0.9799999999999981,
  "best_validation_recall-DAT": 0.9799999999999981,
  "best_validation_f1-measure-DAT": 0.9799999999999481,
  "best_validation_precision-ORG": 0.4680327868852459,
  "best_validation_recall-ORG": 0.4293233082706767,
  "best_validation_f1-measure-ORG": 0.44784313725485203,
  "best_validation_precision-LRG": 0.9754901960784308,
  "best_validation_recall-LRG": 0.9949999999999994,
  "best_validation_f1-measure-LRG": 0.9851485148514346,
  "best_validation_precision-PER": 0.7764947395432384,
  "best_validation_recall-PER": 0.7610663983903421,
  "best_validation_f1-measure-PER": 0.7687031627079395,
  "best_validation_precision-SAI": 0.9607843137254892,
  "best_validation_recall-SAI": 0.979999999999999,
  "best_validation_f1-measure-SAI": 0.9702970297029194,
  "best_validation_precision-ART": 0.9230769230769214,
  "best_validation_recall-ART": 0.9599999999999981,
  "best_validation_f1-measure-ART": 0.9411764705881837,
  "best_validation_precision-SUP": 0.9851485148514846,
  "best_validation_recall-SUP": 0.9949999999999994,
  "best_validation_f1-measure-SUP": 0.9900497512437306,
  "best_validation_precision-overall": 0.737089715536105,
  "best_validation_recall-overall": 0.6768133413703034,
  "best_validation_f1-measure-overall": 0.7056667015815988,
  "best_validation_loss": 0.09155055582080641
}