{
  "best_epoch": 18,
  "peak_worker_0_memory_MB": 687.5,
  "training_duration": "0:11:20.887248",
  "training_start_epoch": 0,
  "training_epochs": 18,
  "epoch": 18,
  "training_precision-SAI": 0.9960119641076769,
  "training_recall-SAI": 0.9989999999999999,
  "training_f1-measure-SAI": 0.9975037443833749,
  "training_precision-CMP": 0.9236790606653619,
  "training_recall-CMP": 0.9439999999999998,
  "training_f1-measure-CMP": 0.9337289812066759,
  "training_precision-PER": 0.8351293103448276,
  "training_recall-PER": 0.8330646028162958,
  "training_f1-measure-PER": 0.8340956788462074,
  "training_precision-LRG": 0.9940119760479041,
  "training_recall-LRG": 0.996,
  "training_f1-measure-LRG": 0.995004995004945,
  "training_precision-ART": 0.9701195219123504,
  "training_recall-ART": 0.9739999999999998,
  "training_f1-measure-ART": 0.9720558882235028,
  "training_precision-DMD": 0.9516806722689073,
  "training_recall-DMD": 0.9059999999999998,
  "training_f1-measure-DMD": 0.9282786885245401,
  "training_precision-LOC": 0.7930263746088512,
  "training_recall-LOC": 0.8047176230437741,
  "training_f1-measure-LOC": 0.7988292243610894,
  "training_precision-DAT": 0.9731958762886596,
  "training_recall-DAT": 0.9439999999999998,
  "training_f1-measure-DAT": 0.9583756345177163,
  "training_precision-ORG": 0.5939298796441653,
  "training_recall-ORG": 0.606951871657754,
  "training_f1-measure-ORG": 0.6003702724146551,
  "training_precision-SUP": 0.9970044932601099,
  "training_recall-SUP": 0.9985,
  "training_f1-measure-SUP": 0.9977516862352735,
  "training_precision-overall": 0.8262037611076669,
  "training_recall-overall": 0.8311562315928069,
  "training_f1-measure-overall": 0.8286725969426912,
  "training_loss": 0.038457095808973246,
  "training_worker_0_memory_MB": 687.5,
  "validation_precision-SAI": 0.9900990099009891,
  "validation_recall-SAI": 0.999999999999999,
  "validation_f1-measure-SAI": 0.9950248756218396,
  "validation_precision-CMP": 0.8679245283018852,
  "validation_recall-CMP": 0.9199999999999982,
  "validation_f1-measure-CMP": 0.8932038834950939,
  "validation_precision-PER": 0.7680924855491329,
  "validation_recall-PER": 0.8355130784708249,
  "validation_f1-measure-PER": 0.8003854957233569,
  "validation_precision-LRG": 0.99502487562189,
  "validation_recall-LRG": 0.9999999999999994,
  "validation_f1-measure-LRG": 0.9975062344139145,
  "validation_precision-ART": 0.9607843137254883,
  "validation_recall-ART": 0.9799999999999981,
  "validation_f1-measure-ART": 0.9702970297029184,
  "validation_precision-DMD": 0.9545454545454524,
  "validation_recall-DMD": 0.8399999999999983,
  "validation_f1-measure-DMD": 0.8936170212765441,
  "validation_precision-LOC": 0.755467720685112,
  "validation_recall-LOC": 0.7261904761904762,
  "validation_f1-measure-LOC": 0.7405398424382815,
  "validation_precision-ORG": 0.4932287954383464,
  "validation_recall-ORG": 0.5203007518796993,
  "validation_f1-measure-ORG": 0.5064032199048165,
  "validation_precision-DAT": 0.9574468085106362,
  "validation_recall-DAT": 0.8999999999999982,
  "validation_f1-measure-DAT": 0.9278350515463399,
  "validation_precision-SUP": 0.9900990099009895,
  "validation_recall-SUP": 0.9999999999999994,
  "validation_f1-measure-SUP": 0.99502487562184,
  "validation_precision-overall": 0.7398747798865193,
  "validation_recall-overall": 0.7597950572634117,
  "validation_f1-measure-overall": 0.7497026169706081,
  "validation_loss": 0.08803048072471581,
  "best_validation_precision-SAI": 0.9900990099009891,
  "best_validation_recall-SAI": 0.999999999999999,
  "best_validation_f1-measure-SAI": 0.9950248756218396,
  "best_validation_precision-CMP": 0.8679245283018852,
  "best_validation_recall-CMP": 0.9199999999999982,
  "best_validation_f1-measure-CMP": 0.8932038834950939,
  "best_validation_precision-PER": 0.7680924855491329,
  "best_validation_recall-PER": 0.8355130784708249,
  "best_validation_f1-measure-PER": 0.8003854957233569,
  "best_validation_precision-LRG": 0.99502487562189,
  "best_validation_recall-LRG": 0.9999999999999994,
  "best_validation_f1-measure-LRG": 0.9975062344139145,
  "best_validation_precision-ART": 0.9607843137254883,
  "best_validation_recall-ART": 0.9799999999999981,
  "best_validation_f1-measure-ART": 0.9702970297029184,
  "best_validation_precision-DMD": 0.9545454545454524,
  "best_validation_recall-DMD": 0.8399999999999983,
  "best_validation_f1-measure-DMD": 0.8936170212765441,
  "best_validation_precision-LOC": 0.755467720685112,
  "best_validation_recall-LOC": 0.7261904761904762,
  "best_validation_f1-measure-LOC": 0.7405398424382815,
  "best_validation_precision-ORG": 0.4932287954383464,
  "best_validation_recall-ORG": 0.5203007518796993,
  "best_validation_f1-measure-ORG": 0.5064032199048165,
  "best_validation_precision-DAT": 0.9574468085106362,
  "best_validation_recall-DAT": 0.8999999999999982,
  "best_validation_f1-measure-DAT": 0.9278350515463399,
  "best_validation_precision-SUP": 0.9900990099009895,
  "best_validation_recall-SUP": 0.9999999999999994,
  "best_validation_f1-measure-SUP": 0.99502487562184,
  "best_validation_precision-overall": 0.7398747798865193,
  "best_validation_recall-overall": 0.7597950572634117,
  "best_validation_f1-measure-overall": 0.7497026169706081,
  "best_validation_loss": 0.08803048072471581
}