{
  "best_epoch": 8,
  "peak_worker_0_memory_MB": 682.1015625,
  "training_duration": "0:05:20.502034",
  "training_start_epoch": 0,
  "training_epochs": 8,
  "epoch": 8,
  "training_precision-SAI": 0.993027888446215,
  "training_recall-SAI": 0.9969999999999999,
  "training_f1-measure-SAI": 0.9950099800398702,
  "training_precision-CMP": 0.8966861598440544,
  "training_recall-CMP": 0.9199999999999998,
  "training_f1-measure-CMP": 0.908193484698864,
  "training_precision-PER": 0.7693958215697346,
  "training_recall-PER": 0.7323444050306352,
  "training_f1-measure-PER": 0.7504130410837698,
  "training_precision-LRG": 0.9945,
  "training_recall-LRG": 0.9945,
  "training_f1-measure-LRG": 0.9944999999999501,
  "training_precision-ART": 0.9481037924151694,
  "training_recall-ART": 0.9499999999999997,
  "training_f1-measure-ART": 0.9490509490508988,
  "training_precision-DMD": 0.9530916844349678,
  "training_recall-DMD": 0.8939999999999998,
  "training_f1-measure-DMD": 0.9226006191949963,
  "training_precision-LOC": 0.7225173210161663,
  "training_recall-LOC": 0.709571331367657,
  "training_f1-measure-LOC": 0.7159858107334436,
  "training_precision-DAT": 0.9749478079331939,
  "training_recall-DAT": 0.9339999999999998,
  "training_f1-measure-DAT": 0.9540347293155781,
  "training_precision-ORG": 0.5147979510529311,
  "training_recall-ORG": 0.4836898395721925,
  "training_f1-measure-ORG": 0.49875930521086814,
  "training_precision-SUP": 0.9975024975024975,
  "training_recall-SUP": 0.9985,
  "training_f1-measure-SUP": 0.9980009995001998,
  "training_precision-overall": 0.775475943851127,
  "training_recall-overall": 0.7522608364228544,
  "training_f1-measure-overall": 0.7636920046430961,
  "training_loss": 0.068156980852583,
  "training_worker_0_memory_MB": 682.1015625,
  "validation_precision-SAI": 0.989999999999999,
  "validation_recall-SAI": 0.989999999999999,
  "validation_f1-measure-SAI": 0.989999999999949,
  "validation_precision-CMP": 0.9399999999999982,
  "validation_recall-CMP": 0.9399999999999982,
  "validation_f1-measure-CMP": 0.9399999999999482,
  "validation_precision-PER": 0.7625067240451856,
  "validation_recall-PER": 0.7130281690140845,
  "validation_f1-measure-PER": 0.7369378736677431,
  "validation_precision-LRG": 0.9899999999999994,
  "validation_recall-LRG": 0.9899999999999994,
  "validation_f1-measure-LRG": 0.9899999999999495,
  "validation_precision-ART": 0.9019607843137237,
  "validation_recall-ART": 0.9199999999999982,
  "validation_f1-measure-ART": 0.9108910891088592,
  "validation_precision-DMD": 0.9999999999999978,
  "validation_recall-DMD": 0.8799999999999982,
  "validation_f1-measure-DMD": 0.9361702127659057,
  "validation_precision-LOC": 0.7110721589249197,
  "validation_recall-LOC": 0.6165146909827761,
  "validation_f1-measure-LOC": 0.6604259937592774,
  "validation_precision-ORG": 0.3952380952380952,
  "validation_recall-ORG": 0.31203007518796994,
  "validation_f1-measure-ORG": 0.34873949579827,
  "validation_precision-DAT": 0.9782608695652153,
  "validation_recall-DAT": 0.8999999999999982,
  "validation_f1-measure-DAT": 0.9374999999999482,
  "validation_precision-SUP": 0.99502487562189,
  "validation_recall-SUP": 0.9999999999999994,
  "validation_f1-measure-SUP": 0.9975062344139145,
  "validation_precision-overall": 0.7163120567375887,
  "validation_recall-overall": 0.6392405063291139,
  "validation_f1-measure-overall": 0.6755852842808867,
  "validation_loss": 0.09387648216816742,
  "best_validation_precision-SAI": 0.989999999999999,
  "best_validation_recall-SAI": 0.989999999999999,
  "best_validation_f1-measure-SAI": 0.989999999999949,
  "best_validation_precision-CMP": 0.9399999999999982,
  "best_validation_recall-CMP": 0.9399999999999982,
  "best_validation_f1-measure-CMP": 0.9399999999999482,
  "best_validation_precision-PER": 0.7625067240451856,
  "best_validation_recall-PER": 0.7130281690140845,
  "best_validation_f1-measure-PER": 0.7369378736677431,
  "best_validation_precision-LRG": 0.9899999999999994,
  "best_validation_recall-LRG": 0.9899999999999994,
  "best_validation_f1-measure-LRG": 0.9899999999999495,
  "best_validation_precision-ART": 0.9019607843137237,
  "best_validation_recall-ART": 0.9199999999999982,
  "best_validation_f1-measure-ART": 0.9108910891088592,
  "best_validation_precision-DMD": 0.9999999999999978,
  "best_validation_recall-DMD": 0.8799999999999982,
  "best_validation_f1-measure-DMD": 0.9361702127659057,
  "best_validation_precision-LOC": 0.7110721589249197,
  "best_validation_recall-LOC": 0.6165146909827761,
  "best_validation_f1-measure-LOC": 0.6604259937592774,
  "best_validation_precision-ORG": 0.3952380952380952,
  "best_validation_recall-ORG": 0.31203007518796994,
  "best_validation_f1-measure-ORG": 0.34873949579827,
  "best_validation_precision-DAT": 0.9782608695652153,
  "best_validation_recall-DAT": 0.8999999999999982,
  "best_validation_f1-measure-DAT": 0.9374999999999482,
  "best_validation_precision-SUP": 0.99502487562189,
  "best_validation_recall-SUP": 0.9999999999999994,
  "best_validation_f1-measure-SUP": 0.9975062344139145,
  "best_validation_precision-overall": 0.7163120567375887,
  "best_validation_recall-overall": 0.6392405063291139,
  "best_validation_f1-measure-overall": 0.6755852842808867,
  "best_validation_loss": 0.09387648216816742
}