{
  "best_epoch": 11,
  "peak_worker_0_memory_MB": 684.65625,
  "training_duration": "0:07:08.111940",
  "training_start_epoch": 0,
  "training_epochs": 11,
  "epoch": 11,
  "training_precision-SAI": 0.9930209371884345,
  "training_recall-SAI": 0.9959999999999999,
  "training_f1-measure-SAI": 0.9945082376434845,
  "training_precision-CMP": 0.9176470588235293,
  "training_recall-CMP": 0.9359999999999998,
  "training_f1-measure-CMP": 0.9267326732672766,
  "training_precision-PER": 0.7946487557806651,
  "training_recall-PER": 0.7757712565838977,
  "training_f1-measure-PER": 0.7850965460973122,
  "training_precision-LRG": 0.9935,
  "training_recall-LRG": 0.9935,
  "training_f1-measure-LRG": 0.9934999999999501,
  "training_precision-ART": 0.9521912350597608,
  "training_recall-ART": 0.9559999999999997,
  "training_f1-measure-ART": 0.9540918163672153,
  "training_precision-DMD": 0.9621848739495796,
  "training_recall-DMD": 0.9159999999999998,
  "training_f1-measure-DMD": 0.9385245901638843,
  "training_precision-LOC": 0.7434448462929476,
  "training_recall-LOC": 0.7459741437967793,
  "training_f1-measure-LOC": 0.7447073474470235,
  "training_precision-DAT": 0.9789029535864977,
  "training_recall-DAT": 0.9279999999999998,
  "training_f1-measure-DAT": 0.9527720739219212,
  "training_precision-ORG": 0.5293000542593598,
  "training_recall-ORG": 0.5216577540106951,
  "training_f1-measure-ORG": 0.5254511176945367,
  "training_precision-SUP": 0.9985014985014985,
  "training_recall-SUP": 0.9995,
  "training_f1-measure-SUP": 0.9990004997500749,
  "training_precision-overall": 0.7905398313682959,
  "training_recall-overall": 0.7829250545719136,
  "training_f1-measure-overall": 0.7867140171296763,
  "training_loss": 0.05472376336259566,
  "training_worker_0_memory_MB": 684.65625,
  "validation_precision-SAI": 0.9900990099009891,
  "validation_recall-SAI": 0.999999999999999,
  "validation_f1-measure-SAI": 0.9950248756218396,
  "validation_precision-CMP": 0.9019607843137237,
  "validation_recall-CMP": 0.9199999999999982,
  "validation_f1-measure-CMP": 0.9108910891088592,
  "validation_precision-PER": 0.7657386506144971,
  "validation_recall-PER": 0.7678571428571429,
  "validation_f1-measure-PER": 0.7667964335049106,
  "validation_precision-LRG": 0.9900990099009895,
  "validation_recall-LRG": 0.9999999999999994,
  "validation_f1-measure-LRG": 0.99502487562184,
  "validation_precision-ART": 0.9803921568627432,
  "validation_recall-ART": 0.999999999999998,
  "validation_f1-measure-ART": 0.9900990099009381,
  "validation_precision-DMD": 0.9772727272727251,
  "validation_recall-DMD": 0.8599999999999983,
  "validation_f1-measure-DMD": 0.9148936170212248,
  "validation_precision-LOC": 0.7692055154300722,
  "validation_recall-LOC": 0.5934650455927052,
  "validation_f1-measure-LOC": 0.6700028595938886,
  "validation_precision-ORG": 0.4455909943714822,
  "validation_recall-ORG": 0.35714285714285715,
  "validation_f1-measure-ORG": 0.39649415692816425,
  "validation_precision-DAT": 0.9607843137254883,
  "validation_recall-DAT": 0.9799999999999981,
  "validation_f1-measure-DAT": 0.9702970297029184,
  "validation_precision-SUP": 0.9999999999999994,
  "validation_recall-SUP": 0.9999999999999994,
  "validation_f1-measure-SUP": 0.9999999999999494,
  "validation_precision-overall": 0.745425616547335,
  "validation_recall-overall": 0.6589310829817159,
  "validation_f1-measure-overall": 0.6995147443075277,
  "validation_loss": 0.0916372447676732,
  "best_validation_precision-SAI": 0.9900990099009891,
  "best_validation_recall-SAI": 0.999999999999999,
  "best_validation_f1-measure-SAI": 0.9950248756218396,
  "best_validation_precision-CMP": 0.9019607843137237,
  "best_validation_recall-CMP": 0.9199999999999982,
  "best_validation_f1-measure-CMP": 0.9108910891088592,
  "best_validation_precision-PER": 0.7657386506144971,
  "best_validation_recall-PER": 0.7678571428571429,
  "best_validation_f1-measure-PER": 0.7667964335049106,
  "best_validation_precision-LRG": 0.9900990099009895,
  "best_validation_recall-LRG": 0.9999999999999994,
  "best_validation_f1-measure-LRG": 0.99502487562184,
  "best_validation_precision-ART": 0.9803921568627432,
  "best_validation_recall-ART": 0.999999999999998,
  "best_validation_f1-measure-ART": 0.9900990099009381,
  "best_validation_precision-DMD": 0.9772727272727251,
  "best_validation_recall-DMD": 0.8599999999999983,
  "best_validation_f1-measure-DMD": 0.9148936170212248,
  "best_validation_precision-LOC": 0.7692055154300722,
  "best_validation_recall-LOC": 0.5934650455927052,
  "best_validation_f1-measure-LOC": 0.6700028595938886,
  "best_validation_precision-ORG": 0.4455909943714822,
  "best_validation_recall-ORG": 0.35714285714285715,
  "best_validation_f1-measure-ORG": 0.39649415692816425,
  "best_validation_precision-DAT": 0.9607843137254883,
  "best_validation_recall-DAT": 0.9799999999999981,
  "best_validation_f1-measure-DAT": 0.9702970297029184,
  "best_validation_precision-SUP": 0.9999999999999994,
  "best_validation_recall-SUP": 0.9999999999999994,
  "best_validation_f1-measure-SUP": 0.9999999999999494,
  "best_validation_precision-overall": 0.745425616547335,
  "best_validation_recall-overall": 0.6589310829817159,
  "best_validation_f1-measure-overall": 0.6995147443075277,
  "best_validation_loss": 0.0916372447676732
}