{
  "best_epoch": 4,
  "peak_worker_0_memory_MB": 663.49609375,
  "training_duration": "0:02:54.092135",
  "training_start_epoch": 0,
  "training_epochs": 4,
  "epoch": 4,
  "training_precision-DMD": 0.9979550102249486,
  "training_recall-DMD": 0.9759999999999998,
  "training_f1-measure-DMD": 0.9868554095044998,
  "training_precision-CMP": 0.940239043824701,
  "training_recall-CMP": 0.9439999999999998,
  "training_f1-measure-CMP": 0.9421157684630238,
  "training_precision-LOC": 0.6784930504754938,
  "training_recall-LOC": 0.6310954865048763,
  "training_f1-measure-LOC": 0.6539365452408431,
  "training_precision-DAT": 0.9999999999999998,
  "training_recall-DAT": 0.9819999999999998,
  "training_f1-measure-DAT": 0.9909182643793646,
  "training_precision-ORG": 0.5225933202357563,
  "training_recall-ORG": 0.4267379679144385,
  "training_f1-measure-ORG": 0.4698263173387789,
  "training_precision-LRG": 0.9960099750623441,
  "training_recall-LRG": 0.9985,
  "training_f1-measure-LRG": 0.9972534332084395,
  "training_precision-PER": 0.7075471698113207,
  "training_recall-PER": 0.63689132537891,
  "training_f1-measure-PER": 0.6703626180912552,
  "training_precision-ART": 0.942231075697211,
  "training_recall-ART": 0.9459999999999997,
  "training_f1-measure-ART": 0.9441117764470557,
  "training_precision-SAI": 0.9851190476190476,
  "training_recall-SAI": 0.9929999999999999,
  "training_f1-measure-SAI": 0.9890438247011453,
  "training_precision-SUP": 0.9960079840319361,
  "training_recall-SUP": 0.998,
  "training_f1-measure-SUP": 0.997002997002947,
  "training_precision-overall": 0.7508542675828921,
  "training_recall-overall": 0.6928380859984061,
  "training_f1-measure-overall": 0.7206804584444105,
  "training_loss": 0.09953388613708324,
  "training_worker_0_memory_MB": 663.49609375,
  "validation_precision-DMD": 0.999999999999998,
  "validation_recall-DMD": 0.9799999999999981,
  "validation_f1-measure-DMD": 0.989898989898938,
  "validation_precision-CMP": 0.9799999999999981,
  "validation_recall-CMP": 0.9799999999999981,
  "validation_f1-measure-CMP": 0.9799999999999481,
  "validation_precision-LOC": 0.6871811224489796,
  "validation_recall-LOC": 0.5458459979736575,
  "validation_f1-measure-LOC": 0.6084133258045807,
  "validation_precision-DAT": 0.9799999999999981,
  "validation_recall-DAT": 0.9799999999999981,
  "validation_f1-measure-DAT": 0.9799999999999481,
  "validation_precision-ORG": 0.3333333333333333,
  "validation_recall-ORG": 0.35639097744360904,
  "validation_f1-measure-ORG": 0.34447674418599655,
  "validation_precision-LRG": 0.9900990099009895,
  "validation_recall-LRG": 0.9999999999999994,
  "validation_f1-measure-LRG": 0.99502487562184,
  "validation_precision-PER": 0.7392464154718239,
  "validation_recall-PER": 0.5575955734406438,
  "validation_f1-measure-PER": 0.6356989247311339,
  "validation_precision-SAI": 0.9433962264150935,
  "validation_recall-SAI": 0.999999999999999,
  "validation_f1-measure-SAI": 0.9708737864077163,
  "validation_precision-ART": 0.9607843137254883,
  "validation_recall-ART": 0.9799999999999981,
  "validation_f1-measure-ART": 0.9702970297029184,
  "validation_precision-SUP": 0.99502487562189,
  "validation_recall-SUP": 0.9999999999999994,
  "validation_f1-measure-SUP": 0.9975062344139145,
  "validation_precision-overall": 0.6704572949431405,
  "validation_recall-overall": 0.5567611010648985,
  "validation_f1-measure-overall": 0.6083424807902907,
  "validation_loss": 0.11459473773207371,
  "best_validation_precision-DMD": 0.999999999999998,
  "best_validation_recall-DMD": 0.9799999999999981,
  "best_validation_f1-measure-DMD": 0.989898989898938,
  "best_validation_precision-CMP": 0.9799999999999981,
  "best_validation_recall-CMP": 0.9799999999999981,
  "best_validation_f1-measure-CMP": 0.9799999999999481,
  "best_validation_precision-LOC": 0.6871811224489796,
  "best_validation_recall-LOC": 0.5458459979736575,
  "best_validation_f1-measure-LOC": 0.6084133258045807,
  "best_validation_precision-DAT": 0.9799999999999981,
  "best_validation_recall-DAT": 0.9799999999999981,
  "best_validation_f1-measure-DAT": 0.9799999999999481,
  "best_validation_precision-ORG": 0.3333333333333333,
  "best_validation_recall-ORG": 0.35639097744360904,
  "best_validation_f1-measure-ORG": 0.34447674418599655,
  "best_validation_precision-LRG": 0.9900990099009895,
  "best_validation_recall-LRG": 0.9999999999999994,
  "best_validation_f1-measure-LRG": 0.99502487562184,
  "best_validation_precision-PER": 0.7392464154718239,
  "best_validation_recall-PER": 0.5575955734406438,
  "best_validation_f1-measure-PER": 0.6356989247311339,
  "best_validation_precision-SAI": 0.9433962264150935,
  "best_validation_recall-SAI": 0.999999999999999,
  "best_validation_f1-measure-SAI": 0.9708737864077163,
  "best_validation_precision-ART": 0.9607843137254883,
  "best_validation_recall-ART": 0.9799999999999981,
  "best_validation_f1-measure-ART": 0.9702970297029184,
  "best_validation_precision-SUP": 0.99502487562189,
  "best_validation_recall-SUP": 0.9999999999999994,
  "best_validation_f1-measure-SUP": 0.9975062344139145,
  "best_validation_precision-overall": 0.6704572949431405,
  "best_validation_recall-overall": 0.5567611010648985,
  "best_validation_f1-measure-overall": 0.6083424807902907,
  "best_validation_loss": 0.11459473773207371
}