{
  "best_epoch": 0,
  "peak_worker_0_memory_MB": 566.609375,
  "training_duration": "0:00:35.438660",
  "training_start_epoch": 0,
  "training_epochs": 0,
  "epoch": 0,
  "training_precision-DMD": 0.0,
  "training_recall-DMD": 0.0,
  "training_f1-measure-DMD": 0.0,
  "training_precision-CMP": 0.0,
  "training_recall-CMP": 0.0,
  "training_f1-measure-CMP": 0.0,
  "training_precision-LOC": 0.27745280510502524,
  "training_recall-LOC": 0.23667498298933998,
  "training_f1-measure-LOC": 0.25544675642589887,
  "training_precision-DAT": 0.0,
  "training_recall-DAT": 0.0,
  "training_f1-measure-DAT": 0.0,
  "training_precision-ORG": 0.0131578947368421,
  "training_recall-ORG": 0.0008021390374331551,
  "training_f1-measure-ORG": 0.0015120967741827167,
  "training_precision-LRG": 0.5959183673469385,
  "training_recall-LRG": 0.073,
  "training_f1-measure-LRG": 0.1300668151447467,
  "training_precision-PER": 0.4343298622774605,
  "training_recall-PER": 0.2779748468236053,
  "training_f1-measure-PER": 0.33899193812671385,
  "training_precision-ART": 0.0,
  "training_recall-ART": 0.0,
  "training_f1-measure-ART": 0.0,
  "training_precision-SAI": 0.055776892430278856,
  "training_recall-SAI": 0.013999999999999999,
  "training_f1-measure-SAI": 0.02238209432450829,
  "training_precision-SUP": 0.5333333333333298,
  "training_recall-SUP": 0.004,
  "training_f1-measure-SUP": 0.007940446650122591,
  "training_precision-overall": 0.3393582737845033,
  "training_recall-overall": 0.16783895221925782,
  "training_f1-measure-overall": 0.22459719485332302,
  "training_loss": 0.2447556150193461,
  "training_worker_0_memory_MB": 566.609375,
  "validation_precision-DMD": 0.0,
  "validation_recall-DMD": 0.0,
  "validation_f1-measure-DMD": 0.0,
  "validation_precision-CMP": 0.0,
  "validation_recall-CMP": 0.0,
  "validation_f1-measure-CMP": 0.0,
  "validation_precision-LOC": 0.5587443946188341,
  "validation_recall-LOC": 0.31560283687943264,
  "validation_f1-measure-LOC": 0.4033667853673866,
  "validation_precision-DAT": 0.0,
  "validation_recall-DAT": 0.0,
  "validation_f1-measure-DAT": 0.0,
  "validation_precision-ORG": 0.07547169811320747,
  "validation_recall-ORG": 0.006015037593984963,
  "validation_f1-measure-ORG": 0.011142061281323374,
  "validation_precision-LRG": 0.41666666666666646,
  "validation_recall-LRG": 0.4999999999999997,
  "validation_f1-measure-LRG": 0.45454545454540474,
  "validation_precision-PER": 0.644316396018858,
  "validation_recall-PER": 0.30935613682092555,
  "validation_f1-measure-PER": 0.4180118946473648,
  "validation_precision-SAI": 0.306306306306306,
  "validation_recall-SAI": 0.33999999999999964,
  "validation_f1-measure-SAI": 0.32227488151653744,
  "validation_precision-ART": 0.0,
  "validation_recall-ART": 0.0,
  "validation_f1-measure-ART": 0.0,
  "validation_precision-SUP": 0.8990825688073386,
  "validation_recall-SUP": 0.4899999999999997,
  "validation_f1-measure-SUP": 0.634304207119695,
  "validation_precision-overall": 0.5728749209027632,
  "validation_recall-overall": 0.27285513361462727,
  "validation_f1-measure-overall": 0.36964954066004474,
  "validation_loss": 0.18509334747819867,
  "best_validation_precision-DMD": 0.0,
  "best_validation_recall-DMD": 0.0,
  "best_validation_f1-measure-DMD": 0.0,
  "best_validation_precision-CMP": 0.0,
  "best_validation_recall-CMP": 0.0,
  "best_validation_f1-measure-CMP": 0.0,
  "best_validation_precision-LOC": 0.5587443946188341,
  "best_validation_recall-LOC": 0.31560283687943264,
  "best_validation_f1-measure-LOC": 0.4033667853673866,
  "best_validation_precision-DAT": 0.0,
  "best_validation_recall-DAT": 0.0,
  "best_validation_f1-measure-DAT": 0.0,
  "best_validation_precision-ORG": 0.07547169811320747,
  "best_validation_recall-ORG": 0.006015037593984963,
  "best_validation_f1-measure-ORG": 0.011142061281323374,
  "best_validation_precision-LRG": 0.41666666666666646,
  "best_validation_recall-LRG": 0.4999999999999997,
  "best_validation_f1-measure-LRG": 0.45454545454540474,
  "best_validation_precision-PER": 0.644316396018858,
  "best_validation_recall-PER": 0.30935613682092555,
  "best_validation_f1-measure-PER": 0.4180118946473648,
  "best_validation_precision-SAI": 0.306306306306306,
  "best_validation_recall-SAI": 0.33999999999999964,
  "best_validation_f1-measure-SAI": 0.32227488151653744,
  "best_validation_precision-ART": 0.0,
  "best_validation_recall-ART": 0.0,
  "best_validation_f1-measure-ART": 0.0,
  "best_validation_precision-SUP": 0.8990825688073386,
  "best_validation_recall-SUP": 0.4899999999999997,
  "best_validation_f1-measure-SUP": 0.634304207119695,
  "best_validation_precision-overall": 0.5728749209027632,
  "best_validation_recall-overall": 0.27285513361462727,
  "best_validation_f1-measure-overall": 0.36964954066004474,
  "best_validation_loss": 0.18509334747819867
}