{
  "best_epoch": 18,
  "peak_worker_0_memory_MB": 687.5,
  "training_duration": "0:13:05.016556",
  "training_start_epoch": 0,
  "training_epochs": 21,
  "epoch": 21,
  "training_precision-SAI": 0.9920239282153538,
  "training_recall-SAI": 0.9949999999999999,
  "training_f1-measure-SAI": 0.9935097353968545,
  "training_precision-CMP": 0.9292730844793711,
  "training_recall-CMP": 0.9459999999999997,
  "training_f1-measure-CMP": 0.9375619425172936,
  "training_precision-PER": 0.8475524475524475,
  "training_recall-PER": 0.8468236052886166,
  "training_f1-measure-PER": 0.8471878696633547,
  "training_precision-LRG": 0.9929964982491246,
  "training_recall-LRG": 0.9925,
  "training_f1-measure-LRG": 0.9927481870467119,
  "training_precision-ART": 0.9661354581673305,
  "training_recall-ART": 0.9699999999999998,
  "training_f1-measure-ART": 0.9680638722554389,
  "training_precision-DMD": 0.949895615866388,
  "training_recall-DMD": 0.9099999999999998,
  "training_f1-measure-DMD": 0.929519918283913,
  "training_precision-LOC": 0.8056419369169258,
  "training_recall-LOC": 0.8226355182581084,
  "training_f1-measure-LOC": 0.8140500504993327,
  "training_precision-DAT": 0.9789915966386552,
  "training_recall-DAT": 0.9319999999999998,
  "training_f1-measure-DAT": 0.9549180327868351,
  "training_precision-ORG": 0.6044582685329186,
  "training_recall-ORG": 0.6235294117647059,
  "training_f1-measure-ORG": 0.6138457488812346,
  "training_precision-SUP": 0.998998998998999,
  "training_recall-SUP": 0.998,
  "training_f1-measure-SUP": 0.9984992496247623,
  "training_precision-overall": 0.8350444665728118,
  "training_recall-overall": 0.8426249956688957,
  "training_f1-measure-overall": 0.8388176048564623,
  "training_loss": 0.033622372696620155,
  "training_worker_0_memory_MB": 687.5,
  "validation_precision-SAI": 0.989999999999999,
  "validation_recall-SAI": 0.989999999999999,
  "validation_f1-measure-SAI": 0.989999999999949,
  "validation_precision-CMP": 0.8679245283018852,
  "validation_recall-CMP": 0.9199999999999982,
  "validation_f1-measure-CMP": 0.8932038834950939,
  "validation_precision-PER": 0.8237650200267023,
  "validation_recall-PER": 0.7759054325955734,
  "validation_f1-measure-PER": 0.7991192850666512,
  "validation_precision-LRG": 0.989949748743718,
  "validation_recall-LRG": 0.9849999999999994,
  "validation_f1-measure-LRG": 0.9874686716791475,
  "validation_precision-ART": 0.9599999999999981,
  "validation_recall-ART": 0.9599999999999981,
  "validation_f1-measure-ART": 0.9599999999999481,
  "validation_precision-DMD": 0.9767441860465094,
  "validation_recall-DMD": 0.8399999999999983,
  "validation_f1-measure-DMD": 0.9032258064515614,
  "validation_precision-LOC": 0.7634146341463415,
  "validation_recall-LOC": 0.7135258358662614,
  "validation_f1-measure-LOC": 0.7376276512175464,
  "validation_precision-ORG": 0.48533519553072624,
  "validation_recall-ORG": 0.5225563909774437,
  "validation_f1-measure-ORG": 0.5032585083272492,
  "validation_precision-DAT": 0.9782608695652153,
  "validation_recall-DAT": 0.8999999999999982,
  "validation_f1-measure-DAT": 0.9374999999999482,
  "validation_precision-SUP": 0.9999999999999994,
  "validation_recall-SUP": 0.9999999999999994,
  "validation_f1-measure-SUP": 0.9999999999999494,
  "validation_precision-overall": 0.7610378740322243,
  "validation_recall-overall": 0.7307615029134017,
  "validation_f1-measure-overall": 0.7455924559245094,
  "validation_loss": 0.0931906301852743,
  "best_validation_precision-SAI": 0.9900990099009891,
  "best_validation_recall-SAI": 0.999999999999999,
  "best_validation_f1-measure-SAI": 0.9950248756218396,
  "best_validation_precision-CMP": 0.8679245283018852,
  "best_validation_recall-CMP": 0.9199999999999982,
  "best_validation_f1-measure-CMP": 0.8932038834950939,
  "best_validation_precision-PER": 0.7680924855491329,
  "best_validation_recall-PER": 0.8355130784708249,
  "best_validation_f1-measure-PER": 0.8003854957233569,
  "best_validation_precision-LRG": 0.99502487562189,
  "best_validation_recall-LRG": 0.9999999999999994,
  "best_validation_f1-measure-LRG": 0.9975062344139145,
  "best_validation_precision-ART": 0.9607843137254883,
  "best_validation_recall-ART": 0.9799999999999981,
  "best_validation_f1-measure-ART": 0.9702970297029184,
  "best_validation_precision-DMD": 0.9545454545454524,
  "best_validation_recall-DMD": 0.8399999999999983,
  "best_validation_f1-measure-DMD": 0.8936170212765441,
  "best_validation_precision-LOC": 0.755467720685112,
  "best_validation_recall-LOC": 0.7261904761904762,
  "best_validation_f1-measure-LOC": 0.7405398424382815,
  "best_validation_precision-ORG": 0.4932287954383464,
  "best_validation_recall-ORG": 0.5203007518796993,
  "best_validation_f1-measure-ORG": 0.5064032199048165,
  "best_validation_precision-DAT": 0.9574468085106362,
  "best_validation_recall-DAT": 0.8999999999999982,
  "best_validation_f1-measure-DAT": 0.9278350515463399,
  "best_validation_precision-SUP": 0.9900990099009895,
  "best_validation_recall-SUP": 0.9999999999999994,
  "best_validation_f1-measure-SUP": 0.99502487562184,
  "best_validation_precision-overall": 0.7398747798865193,
  "best_validation_recall-overall": 0.7597950572634117,
  "best_validation_f1-measure-overall": 0.7497026169706081,
  "best_validation_loss": 0.08803048072471581
}