{
  "best_epoch": 14,
  "peak_worker_0_memory_MB": 687.5,
  "training_duration": "0:09:31.633137",
  "training_start_epoch": 0,
  "training_epochs": 15,
  "epoch": 15,
  "training_precision-SAI": 0.9940059940059939,
  "training_recall-SAI": 0.9949999999999999,
  "training_f1-measure-SAI": 0.9945027486256371,
  "training_precision-CMP": 0.9241245136186769,
  "training_recall-CMP": 0.9499999999999997,
  "training_f1-measure-CMP": 0.9368836291912713,
  "training_precision-PER": 0.8265172938873178,
  "training_recall-PER": 0.81683327958723,
  "training_f1-measure-PER": 0.821646753527549,
  "training_precision-LRG": 0.9954954954954955,
  "training_recall-LRG": 0.9945,
  "training_f1-measure-LRG": 0.9949974987493247,
  "training_precision-ART": 0.9699999999999998,
  "training_recall-ART": 0.9699999999999998,
  "training_f1-measure-ART": 0.9699999999999498,
  "training_precision-DMD": 0.9518828451882843,
  "training_recall-DMD": 0.9099999999999998,
  "training_f1-measure-DMD": 0.9304703476482116,
  "training_precision-LOC": 0.7704201680672269,
  "training_recall-LOC": 0.7797686550238149,
  "training_f1-measure-LOC": 0.7750662232992793,
  "training_precision-DAT": 0.9751037344398338,
  "training_recall-DAT": 0.9399999999999998,
  "training_f1-measure-DAT": 0.9572301425661414,
  "training_precision-ORG": 0.5701823949246629,
  "training_recall-ORG": 0.5767379679144385,
  "training_f1-measure-ORG": 0.5734414462315066,
  "training_precision-SUP": 0.9994997498749375,
  "training_recall-SUP": 0.999,
  "training_f1-measure-SUP": 0.9992498124530633,
  "training_precision-overall": 0.813846366973748,
  "training_recall-overall": 0.8142129517341742,
  "training_f1-measure-overall": 0.8140296180825689,
  "training_loss": 0.04335874156018977,
  "training_worker_0_memory_MB": 687.5,
  "validation_precision-SAI": 0.979999999999999,
  "validation_recall-SAI": 0.979999999999999,
  "validation_f1-measure-SAI": 0.979999999999949,
  "validation_precision-CMP": 0.8301886792452815,
  "validation_recall-CMP": 0.8799999999999982,
  "validation_f1-measure-CMP": 0.8543689320387835,
  "validation_precision-PER": 0.8198320238417773,
  "validation_recall-PER": 0.7610663983903421,
  "validation_f1-measure-PER": 0.7893569844788859,
  "validation_precision-LRG": 0.9849999999999994,
  "validation_recall-LRG": 0.9849999999999994,
  "validation_f1-measure-LRG": 0.9849999999999495,
  "validation_precision-ART": 0.9245283018867907,
  "validation_recall-ART": 0.9799999999999981,
  "validation_f1-measure-ART": 0.9514563106795598,
  "validation_precision-DMD": 0.9772727272727251,
  "validation_recall-DMD": 0.8599999999999983,
  "validation_f1-measure-DMD": 0.9148936170212248,
  "validation_precision-LOC": 0.7234484549467671,
  "validation_recall-LOC": 0.7056737588652482,
  "validation_f1-measure-LOC": 0.7144505705859227,
  "validation_precision-ORG": 0.47966728280961185,
  "validation_recall-ORG": 0.3902255639097744,
  "validation_f1-measure-ORG": 0.4303482587064182,
  "validation_precision-DAT": 0.8979591836734676,
  "validation_recall-DAT": 0.8799999999999982,
  "validation_f1-measure-DAT": 0.8888888888888371,
  "validation_precision-SUP": 0.9900497512437806,
  "validation_recall-SUP": 0.9949999999999994,
  "validation_f1-measure-SUP": 0.9925187032418448,
  "validation_precision-overall": 0.7512870012870013,
  "validation_recall-overall": 0.7037371910789633,
  "validation_f1-measure-overall": 0.7267351384997945,
  "validation_loss": 0.08980868443919525,
  "best_validation_precision-SAI": 0.999999999999999,
  "best_validation_recall-SAI": 0.999999999999999,
  "best_validation_f1-measure-SAI": 0.9999999999999489,
  "best_validation_precision-CMP": 0.9230769230769214,
  "best_validation_recall-CMP": 0.9599999999999981,
  "best_validation_f1-measure-CMP": 0.9411764705881837,
  "best_validation_precision-PER": 0.7869098176367724,
  "best_validation_recall-PER": 0.7922535211267606,
  "best_validation_f1-measure-PER": 0.7895726281488408,
  "best_validation_precision-LRG": 0.9999999999999994,
  "best_validation_recall-LRG": 0.9999999999999994,
  "best_validation_f1-measure-LRG": 0.9999999999999494,
  "best_validation_precision-ART": 0.9411764705882335,
  "best_validation_recall-ART": 0.9599999999999981,
  "best_validation_f1-measure-ART": 0.9504950495048987,
  "best_validation_precision-DMD": 0.9756097560975586,
  "best_validation_recall-DMD": 0.7999999999999984,
  "best_validation_f1-measure-DMD": 0.8791208791208278,
  "best_validation_precision-LOC": 0.7406292749658002,
  "best_validation_recall-LOC": 0.6856636271529889,
  "best_validation_f1-measure-LOC": 0.7120873339470762,
  "best_validation_precision-ORG": 0.4882096069868996,
  "best_validation_recall-ORG": 0.42030075187969923,
  "best_validation_f1-measure-ORG": 0.451717171717122,
  "best_validation_precision-DAT": 0.9347826086956501,
  "best_validation_recall-DAT": 0.8599999999999983,
  "best_validation_f1-measure-DAT": 0.8958333333332816,
  "best_validation_precision-SUP": 0.9999999999999994,
  "best_validation_recall-SUP": 0.9999999999999994,
  "best_validation_f1-measure-SUP": 0.9999999999999494,
  "best_validation_precision-overall": 0.7473928157589803,
  "best_validation_recall-overall": 0.7127787823990356,
  "best_validation_f1-measure-overall": 0.72967552835908,
  "best_validation_loss": 0.08831535793650046
}