{
  "best_epoch": 9,
  "peak_worker_0_memory_MB": 683.359375,
  "training_duration": "0:05:56.652798",
  "training_start_epoch": 0,
  "training_epochs": 9,
  "epoch": 9,
  "training_precision-SAI": 0.99601593625498,
  "training_recall-SAI": 0.9999999999999999,
  "training_f1-measure-SAI": 0.9980039920159179,
  "training_precision-CMP": 0.9105058365758752,
  "training_recall-CMP": 0.9359999999999998,
  "training_f1-measure-CMP": 0.923076923076873,
  "training_precision-PER": 0.7766990291262136,
  "training_recall-PER": 0.7481457594324411,
  "training_f1-measure-PER": 0.7621550591326701,
  "training_precision-LRG": 0.9905,
  "training_recall-LRG": 0.9905,
  "training_f1-measure-LRG": 0.9904999999999501,
  "training_precision-ART": 0.9483101391650097,
  "training_recall-ART": 0.9539999999999997,
  "training_f1-measure-ART": 0.9511465603189927,
  "training_precision-DMD": 0.9661733615221985,
  "training_recall-DMD": 0.9139999999999998,
  "training_f1-measure-DMD": 0.9393627954778533,
  "training_precision-LOC": 0.7267846944603084,
  "training_recall-LOC": 0.7215921977772738,
  "training_f1-measure-LOC": 0.7241791384509828,
  "training_precision-DAT": 0.980851063829787,
  "training_recall-DAT": 0.9219999999999998,
  "training_f1-measure-DAT": 0.9505154639174757,
  "training_precision-ORG": 0.5248756218905473,
  "training_recall-ORG": 0.5077540106951872,
  "training_f1-measure-ORG": 0.5161728730632825,
  "training_precision-SUP": 0.9975012493753124,
  "training_recall-SUP": 0.998,
  "training_f1-measure-SUP": 0.9977505623593602,
  "training_precision-overall": 0.779603519558995,
  "training_recall-overall": 0.7644225771802778,
  "training_f1-measure-overall": 0.7719384184744078,
  "training_loss": 0.0628248711309498,
  "training_worker_0_memory_MB": 683.359375,
  "validation_precision-SAI": 0.999999999999999,
  "validation_recall-SAI": 0.999999999999999,
  "validation_f1-measure-SAI": 0.9999999999999489,
  "validation_precision-CMP": 0.7894736842105249,
  "validation_recall-CMP": 0.8999999999999982,
  "validation_f1-measure-CMP": 0.8411214953270515,
  "validation_precision-PER": 0.7171021377672209,
  "validation_recall-PER": 0.7593058350100603,
  "validation_f1-measure-PER": 0.737600781822574,
  "validation_precision-LRG": 0.99502487562189,
  "validation_recall-LRG": 0.9999999999999994,
  "validation_f1-measure-LRG": 0.9975062344139145,
  "validation_precision-ART": 0.9215686274509786,
  "validation_recall-ART": 0.9399999999999982,
  "validation_f1-measure-ART": 0.930693069306879,
  "validation_precision-DMD": 0.9333333333333312,
  "validation_recall-DMD": 0.8399999999999983,
  "validation_f1-measure-DMD": 0.8842105263157378,
  "validation_precision-LOC": 0.6940928270042194,
  "validation_recall-LOC": 0.6666666666666666,
  "validation_f1-measure-LOC": 0.6801033591730766,
  "validation_precision-ORG": 0.4080209241499564,
  "validation_recall-ORG": 0.3518796992481203,
  "validation_f1-measure-ORG": 0.3778764634638178,
  "validation_precision-DAT": 0.9411764705882335,
  "validation_recall-DAT": 0.9599999999999981,
  "validation_f1-measure-DAT": 0.9504950495048987,
  "validation_precision-SUP": 0.99502487562189,
  "validation_recall-SUP": 0.9999999999999994,
  "validation_f1-measure-SUP": 0.9975062344139145,
  "validation_precision-overall": 0.6901065449010655,
  "validation_recall-overall": 0.6832429174201327,
  "validation_f1-measure-overall": 0.6866575798878798,
  "validation_loss": 0.09169253215637088,
  "best_validation_precision-SAI": 0.999999999999999,
  "best_validation_recall-SAI": 0.999999999999999,
  "best_validation_f1-measure-SAI": 0.9999999999999489,
  "best_validation_precision-CMP": 0.7894736842105249,
  "best_validation_recall-CMP": 0.8999999999999982,
  "best_validation_f1-measure-CMP": 0.8411214953270515,
  "best_validation_precision-PER": 0.7171021377672209,
  "best_validation_recall-PER": 0.7593058350100603,
  "best_validation_f1-measure-PER": 0.737600781822574,
  "best_validation_precision-LRG": 0.99502487562189,
  "best_validation_recall-LRG": 0.9999999999999994,
  "best_validation_f1-measure-LRG": 0.9975062344139145,
  "best_validation_precision-ART": 0.9215686274509786,
  "best_validation_recall-ART": 0.9399999999999982,
  "best_validation_f1-measure-ART": 0.930693069306879,
  "best_validation_precision-DMD": 0.9333333333333312,
  "best_validation_recall-DMD": 0.8399999999999983,
  "best_validation_f1-measure-DMD": 0.8842105263157378,
  "best_validation_precision-LOC": 0.6940928270042194,
  "best_validation_recall-LOC": 0.6666666666666666,
  "best_validation_f1-measure-LOC": 0.6801033591730766,
  "best_validation_precision-ORG": 0.4080209241499564,
  "best_validation_recall-ORG": 0.3518796992481203,
  "best_validation_f1-measure-ORG": 0.3778764634638178,
  "best_validation_precision-DAT": 0.9411764705882335,
  "best_validation_recall-DAT": 0.9599999999999981,
  "best_validation_f1-measure-DAT": 0.9504950495048987,
  "best_validation_precision-SUP": 0.99502487562189,
  "best_validation_recall-SUP": 0.9999999999999994,
  "best_validation_f1-measure-SUP": 0.9975062344139145,
  "best_validation_precision-overall": 0.6901065449010655,
  "best_validation_recall-overall": 0.6832429174201327,
  "best_validation_f1-measure-overall": 0.6866575798878798,
  "best_validation_loss": 0.09169253215637088
}