{
  "best_epoch": 12,
  "peak_worker_0_memory_MB": 670.4609375,
  "training_duration": "0:08:10.546928",
  "training_start_epoch": 0,
  "training_epochs": 13,
  "epoch": 13,
  "training_precision-DMD": 0.9877551020408161,
  "training_recall-DMD": 0.9679999999999997,
  "training_f1-measure-DMD": 0.9777777777777277,
  "training_precision-CMP": 0.9601593625498006,
  "training_recall-CMP": 0.9639999999999997,
  "training_f1-measure-CMP": 0.962075848303343,
  "training_precision-LOC": 0.7741273100616016,
  "training_recall-LOC": 0.7695622590156498,
  "training_f1-measure-LOC": 0.7718380345768381,
  "training_precision-DAT": 0.9958847736625512,
  "training_recall-DAT": 0.9679999999999997,
  "training_f1-measure-DAT": 0.9817444219066435,
  "training_precision-ORG": 0.612059765208111,
  "training_recall-ORG": 0.6133689839572193,
  "training_f1-measure-ORG": 0.6127136752136254,
  "training_precision-LRG": 0.995004995004995,
  "training_recall-LRG": 0.996,
  "training_f1-measure-LRG": 0.9955022488755122,
  "training_precision-PER": 0.81791306252053,
  "training_recall-PER": 0.8029667849080941,
  "training_f1-measure-PER": 0.8103710132349251,
  "training_precision-ART": 0.9642857142857141,
  "training_recall-ART": 0.9719999999999998,
  "training_f1-measure-ART": 0.9681274900397904,
  "training_precision-SAI": 0.9950149551345961,
  "training_recall-SAI": 0.9979999999999999,
  "training_f1-measure-SAI": 0.9965052421367449,
  "training_precision-SUP": 0.9979989994997499,
  "training_recall-SUP": 0.9975,
  "training_f1-measure-SUP": 0.9977494373592898,
  "training_precision-overall": 0.8197185066182378,
  "training_recall-overall": 0.8132427843803056,
  "training_f1-measure-overall": 0.8164678053361591,
  "training_loss": 0.0458389243779541,
  "training_worker_0_memory_MB": 670.4609375,
  "validation_precision-DMD": 0.8888888888888873,
  "validation_recall-DMD": 0.9599999999999981,
  "validation_f1-measure-DMD": 0.9230769230768715,
  "validation_precision-CMP": 0.9199999999999982,
  "validation_recall-CMP": 0.9199999999999982,
  "validation_f1-measure-CMP": 0.9199999999999482,
  "validation_precision-LOC": 0.7186520376175548,
  "validation_recall-LOC": 0.6968085106382979,
  "validation_f1-measure-LOC": 0.7075617283950117,
  "validation_precision-DAT": 0.9607843137254883,
  "validation_recall-DAT": 0.9799999999999981,
  "validation_f1-measure-DAT": 0.9702970297029184,
  "validation_precision-ORG": 0.4506578947368421,
  "validation_recall-ORG": 0.5150375939849624,
  "validation_f1-measure-ORG": 0.48070175438591506,
  "validation_precision-LRG": 0.9754901960784308,
  "validation_recall-LRG": 0.9949999999999994,
  "validation_f1-measure-LRG": 0.9851485148514346,
  "validation_precision-PER": 0.7639661426844014,
  "validation_recall-PER": 0.7945171026156942,
  "validation_f1-measure-PER": 0.7789421772900499,
  "validation_precision-SAI": 0.9607843137254892,
  "validation_recall-SAI": 0.979999999999999,
  "validation_f1-measure-SAI": 0.9702970297029194,
  "validation_precision-ART": 0.9433962264150926,
  "validation_recall-ART": 0.999999999999998,
  "validation_f1-measure-ART": 0.9708737864077152,
  "validation_precision-SUP": 0.9900990099009895,
  "validation_recall-SUP": 0.9999999999999994,
  "validation_f1-measure-SUP": 0.99502487562184,
  "validation_precision-overall": 0.7142857142857143,
  "validation_recall-overall": 0.731866586296966,
  "validation_f1-measure-overall": 0.7229692849699298,
  "validation_loss": 0.09097244722149692,
  "best_validation_precision-DMD": 0.9423076923076905,
  "best_validation_recall-DMD": 0.9799999999999981,
  "best_validation_f1-measure-DMD": 0.9607843137254385,
  "best_validation_precision-CMP": 0.9599999999999981,
  "best_validation_recall-CMP": 0.9599999999999981,
  "best_validation_f1-measure-CMP": 0.9599999999999481,
  "best_validation_precision-LOC": 0.7421097526300825,
  "best_validation_recall-LOC": 0.6610942249240122,
  "best_validation_f1-measure-LOC": 0.6992632283991466,
  "best_validation_precision-DAT": 0.9795918367346919,
  "best_validation_recall-DAT": 0.9599999999999981,
  "best_validation_f1-measure-DAT": 0.9696969696969178,
  "best_validation_precision-ORG": 0.4899919935948759,
  "best_validation_recall-ORG": 0.46015037593984964,
  "best_validation_f1-measure-ORG": 0.4746025591313964,
  "best_validation_precision-LRG": 0.9754901960784308,
  "best_validation_recall-LRG": 0.9949999999999994,
  "best_validation_f1-measure-LRG": 0.9851485148514346,
  "best_validation_precision-PER": 0.7440645773979108,
  "best_validation_recall-PER": 0.7882293762575453,
  "best_validation_f1-measure-PER": 0.7655105031753286,
  "best_validation_precision-SAI": 0.9702970297029694,
  "best_validation_recall-SAI": 0.979999999999999,
  "best_validation_f1-measure-SAI": 0.9751243781094017,
  "best_validation_precision-ART": 0.8703703703703688,
  "best_validation_recall-ART": 0.9399999999999982,
  "best_validation_f1-measure-ART": 0.9038461538461022,
  "best_validation_precision-SUP": 0.9900990099009895,
  "best_validation_recall-SUP": 0.9999999999999994,
  "best_validation_f1-measure-SUP": 0.99502487562184,
  "best_validation_precision-overall": 0.7270381836945304,
  "best_validation_recall-overall": 0.7077556761101065,
  "best_validation_f1-measure-overall": 0.7172673589899725,
  "best_validation_loss": 0.09024894040233274
}