{
  "best_epoch": 12,
  "peak_worker_0_memory_MB": 673.4140625,
  "training_duration": "0:10:36.102000",
  "training_start_epoch": 0,
  "training_epochs": 17,
  "epoch": 17,
  "training_precision-DMD": 0.9897959183673467,
  "training_recall-DMD": 0.9699999999999998,
  "training_f1-measure-DMD": 0.9797979797979297,
  "training_precision-CMP": 0.9683794466403159,
  "training_recall-CMP": 0.9799999999999998,
  "training_f1-measure-CMP": 0.9741550695824548,
  "training_precision-LOC": 0.7922579180383699,
  "training_recall-LOC": 0.7914493082331594,
  "training_f1-measure-LOC": 0.7918534067055721,
  "training_precision-DAT": 0.9918032786885244,
  "training_recall-DAT": 0.9679999999999997,
  "training_f1-measure-DAT": 0.9797570850201927,
  "training_precision-ORG": 0.6341271918345983,
  "training_recall-ORG": 0.6478609625668449,
  "training_f1-measure-ORG": 0.640920513159585,
  "training_precision-LRG": 0.9970014992503748,
  "training_recall-LRG": 0.9975,
  "training_f1-measure-LRG": 0.997250687328118,
  "training_precision-PER": 0.8412543402777778,
  "training_recall-PER": 0.8333870794367408,
  "training_f1-measure-PER": 0.8373022301419664,
  "training_precision-ART": 0.9741550695825048,
  "training_recall-ART": 0.9799999999999998,
  "training_f1-measure-ART": 0.9770687936190924,
  "training_precision-SAI": 0.99203187250996,
  "training_recall-SAI": 0.9959999999999999,
  "training_f1-measure-SAI": 0.9940119760478542,
  "training_precision-SUP": 0.9980029955067399,
  "training_recall-SUP": 0.9995,
  "training_f1-measure-SUP": 0.9987509367973519,
  "training_precision-overall": 0.8354079262161506,
  "training_recall-overall": 0.8348290080038807,
  "training_f1-measure-overall": 0.8351183667809976,
  "training_loss": 0.037393140470844466,
  "training_worker_0_memory_MB": 673.4140625,
  "validation_precision-DMD": 0.9423076923076905,
  "validation_recall-DMD": 0.9799999999999981,
  "validation_f1-measure-DMD": 0.9607843137254385,
  "validation_precision-CMP": 0.9799999999999981,
  "validation_recall-CMP": 0.9799999999999981,
  "validation_f1-measure-CMP": 0.9799999999999481,
  "validation_precision-LOC": 0.7588671982403079,
  "validation_recall-LOC": 0.6990881458966566,
  "validation_f1-measure-LOC": 0.7277521423862389,
  "validation_precision-DAT": 0.9799999999999981,
  "validation_recall-DAT": 0.9799999999999981,
  "validation_f1-measure-DAT": 0.9799999999999481,
  "validation_precision-ORG": 0.5495575221238939,
  "validation_recall-ORG": 0.46691729323308273,
  "validation_f1-measure-ORG": 0.5048780487804382,
  "validation_precision-LRG": 0.9900497512437806,
  "validation_recall-LRG": 0.9949999999999994,
  "validation_f1-measure-LRG": 0.9925187032418448,
  "validation_precision-PER": 0.8052347959969207,
  "validation_recall-PER": 0.7892354124748491,
  "validation_f1-measure-PER": 0.7971548329734036,
  "validation_precision-SAI": 0.999999999999999,
  "validation_recall-SAI": 0.999999999999999,
  "validation_f1-measure-SAI": 0.9999999999999489,
  "validation_precision-ART": 0.9411764705882335,
  "validation_recall-ART": 0.9599999999999981,
  "validation_f1-measure-ART": 0.9504950495048987,
  "validation_precision-SUP": 0.9803921568627445,
  "validation_recall-SUP": 0.9999999999999994,
  "validation_f1-measure-SUP": 0.9900990099009396,
  "validation_precision-overall": 0.769632949210414,
  "validation_recall-overall": 0.7246333132409082,
  "validation_f1-measure-overall": 0.7464555521059214,
  "validation_loss": 0.09222667718938221,
  "best_validation_precision-DMD": 0.9423076923076905,
  "best_validation_recall-DMD": 0.9799999999999981,
  "best_validation_f1-measure-DMD": 0.9607843137254385,
  "best_validation_precision-CMP": 0.9599999999999981,
  "best_validation_recall-CMP": 0.9599999999999981,
  "best_validation_f1-measure-CMP": 0.9599999999999481,
  "best_validation_precision-LOC": 0.7421097526300825,
  "best_validation_recall-LOC": 0.6610942249240122,
  "best_validation_f1-measure-LOC": 0.6992632283991466,
  "best_validation_precision-DAT": 0.9795918367346919,
  "best_validation_recall-DAT": 0.9599999999999981,
  "best_validation_f1-measure-DAT": 0.9696969696969178,
  "best_validation_precision-ORG": 0.4899919935948759,
  "best_validation_recall-ORG": 0.46015037593984964,
  "best_validation_f1-measure-ORG": 0.4746025591313964,
  "best_validation_precision-LRG": 0.9754901960784308,
  "best_validation_recall-LRG": 0.9949999999999994,
  "best_validation_f1-measure-LRG": 0.9851485148514346,
  "best_validation_precision-PER": 0.7440645773979108,
  "best_validation_recall-PER": 0.7882293762575453,
  "best_validation_f1-measure-PER": 0.7655105031753286,
  "best_validation_precision-SAI": 0.9702970297029694,
  "best_validation_recall-SAI": 0.979999999999999,
  "best_validation_f1-measure-SAI": 0.9751243781094017,
  "best_validation_precision-ART": 0.8703703703703688,
  "best_validation_recall-ART": 0.9399999999999982,
  "best_validation_f1-measure-ART": 0.9038461538461022,
  "best_validation_precision-SUP": 0.9900990099009895,
  "best_validation_recall-SUP": 0.9999999999999994,
  "best_validation_f1-measure-SUP": 0.99502487562184,
  "best_validation_precision-overall": 0.7270381836945304,
  "best_validation_recall-overall": 0.7077556761101065,
  "best_validation_f1-measure-overall": 0.7172673589899725,
  "best_validation_loss": 0.09024894040233274
}