{
  "best_epoch": 18,
  "peak_worker_0_memory_MB": 687.5,
  "training_duration": "0:14:14.985131",
  "training_start_epoch": 0,
  "training_epochs": 23,
  "epoch": 23,
  "training_precision-SAI": 0.996007984031936,
  "training_recall-SAI": 0.9979999999999999,
  "training_f1-measure-SAI": 0.997002997002947,
  "training_precision-CMP": 0.9370078740157478,
  "training_recall-CMP": 0.9519999999999997,
  "training_f1-measure-CMP": 0.9444444444443942,
  "training_precision-PER": 0.8517171284904247,
  "training_recall-PER": 0.8557454584542621,
  "training_f1-measure-PER": 0.8537265415549099,
  "training_precision-LRG": 0.9918492103922567,
  "training_recall-LRG": 0.9735,
  "training_f1-measure-LRG": 0.9825889477667933,
  "training_precision-ART": 0.9622266401590455,
  "training_recall-ART": 0.9679999999999997,
  "training_f1-measure-ART": 0.9651046859421233,
  "training_precision-DMD": 0.9601677148846958,
  "training_recall-DMD": 0.9159999999999998,
  "training_f1-measure-DMD": 0.9375639713407892,
  "training_precision-LOC": 0.7986791414419373,
  "training_recall-LOC": 0.8228623270582899,
  "training_f1-measure-LOC": 0.8105904038428814,
  "training_precision-DAT": 0.9790794979079496,
  "training_recall-DAT": 0.9359999999999998,
  "training_f1-measure-DAT": 0.9570552147238762,
  "training_precision-ORG": 0.6107997962302598,
  "training_recall-ORG": 0.6411764705882353,
  "training_f1-measure-ORG": 0.6256196190972628,
  "training_precision-SUP": 0.9954977488744372,
  "training_recall-SUP": 0.995,
  "training_f1-measure-SUP": 0.9952488122030009,
  "training_precision-overall": 0.8343348811800054,
  "training_recall-overall": 0.8466789092547036,
  "training_f1-measure-overall": 0.8404615728558891,
  "training_loss": 0.032111917081711634,
  "training_worker_0_memory_MB": 687.5,
  "validation_precision-SAI": 0.989999999999999,
  "validation_recall-SAI": 0.989999999999999,
  "validation_f1-measure-SAI": 0.989999999999949,
  "validation_precision-CMP": 0.8461538461538445,
  "validation_recall-CMP": 0.8799999999999982,
  "validation_f1-measure-CMP": 0.8627450980391641,
  "validation_precision-PER": 0.7780898876404494,
  "validation_recall-PER": 0.8360160965794768,
  "validation_f1-measure-PER": 0.8060135790494165,
  "validation_precision-LRG": 0.9698492462311552,
  "validation_recall-LRG": 0.9649999999999994,
  "validation_f1-measure-LRG": 0.9674185463658642,
  "validation_precision-ART": 0.999999999999998,
  "validation_recall-ART": 0.9799999999999981,
  "validation_f1-measure-ART": 0.989898989898938,
  "validation_precision-DMD": 0.9999999999999976,
  "validation_recall-DMD": 0.8199999999999984,
  "validation_f1-measure-DMD": 0.9010989010988497,
  "validation_precision-LOC": 0.7442273534635879,
  "validation_recall-LOC": 0.7429078014184397,
  "validation_f1-measure-LOC": 0.7435669920141471,
  "validation_precision-ORG": 0.5229215229215229,
  "validation_recall-ORG": 0.5060150375939849,
  "validation_f1-measure-ORG": 0.5143293847916963,
  "validation_precision-DAT": 0.9374999999999981,
  "validation_recall-DAT": 0.8999999999999982,
  "validation_f1-measure-DAT": 0.9183673469387238,
  "validation_precision-SUP": 0.9949999999999994,
  "validation_recall-SUP": 0.9949999999999994,
  "validation_f1-measure-SUP": 0.9949999999999495,
  "validation_precision-overall": 0.745902443811954,
  "validation_recall-overall": 0.7635121559172192,
  "validation_f1-measure-overall": 0.7546045772724517,
  "validation_loss": 0.0932642445583856,
  "best_validation_precision-SAI": 0.9900990099009891,
  "best_validation_recall-SAI": 0.999999999999999,
  "best_validation_f1-measure-SAI": 0.9950248756218396,
  "best_validation_precision-CMP": 0.8679245283018852,
  "best_validation_recall-CMP": 0.9199999999999982,
  "best_validation_f1-measure-CMP": 0.8932038834950939,
  "best_validation_precision-PER": 0.7680924855491329,
  "best_validation_recall-PER": 0.8355130784708249,
  "best_validation_f1-measure-PER": 0.8003854957233569,
  "best_validation_precision-LRG": 0.99502487562189,
  "best_validation_recall-LRG": 0.9999999999999994,
  "best_validation_f1-measure-LRG": 0.9975062344139145,
  "best_validation_precision-ART": 0.9607843137254883,
  "best_validation_recall-ART": 0.9799999999999981,
  "best_validation_f1-measure-ART": 0.9702970297029184,
  "best_validation_precision-DMD": 0.9545454545454524,
  "best_validation_recall-DMD": 0.8399999999999983,
  "best_validation_f1-measure-DMD": 0.8936170212765441,
  "best_validation_precision-LOC": 0.755467720685112,
  "best_validation_recall-LOC": 0.7261904761904762,
  "best_validation_f1-measure-LOC": 0.7405398424382815,
  "best_validation_precision-ORG": 0.4932287954383464,
  "best_validation_recall-ORG": 0.5203007518796993,
  "best_validation_f1-measure-ORG": 0.5064032199048165,
  "best_validation_precision-DAT": 0.9574468085106362,
  "best_validation_recall-DAT": 0.8999999999999982,
  "best_validation_f1-measure-DAT": 0.9278350515463399,
  "best_validation_precision-SUP": 0.9900990099009895,
  "best_validation_recall-SUP": 0.9999999999999994,
  "best_validation_f1-measure-SUP": 0.99502487562184,
  "best_validation_precision-overall": 0.7398747798865193,
  "best_validation_recall-overall": 0.7597950572634117,
  "best_validation_f1-measure-overall": 0.7497026169706081,
  "best_validation_loss": 0.08803048072471581
}