{
  "best_epoch": 7,
  "peak_worker_0_memory_MB": 664.609375,
  "training_duration": "0:04:39.144179",
  "training_start_epoch": 0,
  "training_epochs": 7,
  "epoch": 7,
  "training_precision-DMD": 0.9999999999999998,
  "training_recall-DMD": 0.9939999999999998,
  "training_f1-measure-DMD": 0.9969909729187061,
  "training_precision-CMP": 0.9334637964774949,
  "training_recall-CMP": 0.9539999999999997,
  "training_f1-measure-CMP": 0.9436201780414928,
  "training_precision-LOC": 0.7075913776944704,
  "training_recall-LOC": 0.6849625765479701,
  "training_f1-measure-LOC": 0.6960931197417963,
  "training_precision-DAT": 0.9898167006109977,
  "training_recall-DAT": 0.9719999999999998,
  "training_f1-measure-DAT": 0.9808274470231587,
  "training_precision-ORG": 0.5408626560726447,
  "training_recall-ORG": 0.5096256684491979,
  "training_f1-measure-ORG": 0.5247797356827695,
  "training_precision-LRG": 0.9905189620758483,
  "training_recall-LRG": 0.9925,
  "training_f1-measure-LRG": 0.9915084915084416,
  "training_precision-PER": 0.7613855763770585,
  "training_recall-PER": 0.7206277544877996,
  "training_f1-measure-PER": 0.7404462116191239,
  "training_precision-ART": 0.9581673306772907,
  "training_recall-ART": 0.9619999999999997,
  "training_f1-measure-ART": 0.9600798403193112,
  "training_precision-SAI": 0.9900695134061568,
  "training_recall-SAI": 0.9969999999999999,
  "training_f1-measure-SAI": 0.9935226706526654,
  "training_precision-SUP": 0.9899849774661993,
  "training_recall-SUP": 0.9885,
  "training_f1-measure-SUP": 0.9892419314485364,
  "training_precision-overall": 0.7731219057185909,
  "training_recall-overall": 0.7466823741381102,
  "training_f1-measure-overall": 0.759672160042252,
  "training_loss": 0.07208909145642972,
  "training_worker_0_memory_MB": 664.609375,
  "validation_precision-DMD": 0.999999999999998,
  "validation_recall-DMD": 0.9799999999999981,
  "validation_f1-measure-DMD": 0.989898989898938,
  "validation_precision-CMP": 0.9411764705882335,
  "validation_recall-CMP": 0.9599999999999981,
  "validation_f1-measure-CMP": 0.9504950495048987,
  "validation_precision-LOC": 0.6912521440823327,
  "validation_recall-LOC": 0.6124620060790273,
  "validation_f1-measure-LOC": 0.6494762288476537,
  "validation_precision-DAT": 0.9599999999999981,
  "validation_recall-DAT": 0.9599999999999981,
  "validation_f1-measure-DAT": 0.9599999999999481,
  "validation_precision-ORG": 0.42487046632124353,
  "validation_recall-ORG": 0.3699248120300752,
  "validation_f1-measure-ORG": 0.3954983922829084,
  "validation_precision-LRG": 0.9900497512437806,
  "validation_recall-LRG": 0.9949999999999994,
  "validation_f1-measure-LRG": 0.9925187032418448,
  "validation_precision-PER": 0.7901273885350318,
  "validation_recall-PER": 0.6239939637826962,
  "validation_f1-measure-PER": 0.6973018549746556,
  "validation_precision-SAI": 0.9523809523809514,
  "validation_recall-SAI": 0.999999999999999,
  "validation_f1-measure-SAI": 0.9756097560975101,
  "validation_precision-ART": 0.9423076923076905,
  "validation_recall-ART": 0.9799999999999981,
  "validation_f1-measure-ART": 0.9607843137254385,
  "validation_precision-SUP": 0.9900990099009895,
  "validation_recall-SUP": 0.9999999999999994,
  "validation_f1-measure-SUP": 0.99502487562184,
  "validation_precision-overall": 0.715259816600047,
  "validation_recall-overall": 0.6112115732368897,
  "validation_f1-measure-overall": 0.6591549295774151,
  "validation_loss": 0.09893453630740714,
  "best_validation_precision-DMD": 0.999999999999998,
  "best_validation_recall-DMD": 0.9799999999999981,
  "best_validation_f1-measure-DMD": 0.989898989898938,
  "best_validation_precision-CMP": 0.9411764705882335,
  "best_validation_recall-CMP": 0.9599999999999981,
  "best_validation_f1-measure-CMP": 0.9504950495048987,
  "best_validation_precision-LOC": 0.6912521440823327,
  "best_validation_recall-LOC": 0.6124620060790273,
  "best_validation_f1-measure-LOC": 0.6494762288476537,
  "best_validation_precision-DAT": 0.9599999999999981,
  "best_validation_recall-DAT": 0.9599999999999981,
  "best_validation_f1-measure-DAT": 0.9599999999999481,
  "best_validation_precision-ORG": 0.42487046632124353,
  "best_validation_recall-ORG": 0.3699248120300752,
  "best_validation_f1-measure-ORG": 0.3954983922829084,
  "best_validation_precision-LRG": 0.9900497512437806,
  "best_validation_recall-LRG": 0.9949999999999994,
  "best_validation_f1-measure-LRG": 0.9925187032418448,
  "best_validation_precision-PER": 0.7901273885350318,
  "best_validation_recall-PER": 0.6239939637826962,
  "best_validation_f1-measure-PER": 0.6973018549746556,
  "best_validation_precision-SAI": 0.9523809523809514,
  "best_validation_recall-SAI": 0.999999999999999,
  "best_validation_f1-measure-SAI": 0.9756097560975101,
  "best_validation_precision-ART": 0.9423076923076905,
  "best_validation_recall-ART": 0.9799999999999981,
  "best_validation_f1-measure-ART": 0.9607843137254385,
  "best_validation_precision-SUP": 0.9900990099009895,
  "best_validation_recall-SUP": 0.9999999999999994,
  "best_validation_f1-measure-SUP": 0.99502487562184,
  "best_validation_precision-overall": 0.715259816600047,
  "best_validation_recall-overall": 0.6112115732368897,
  "best_validation_f1-measure-overall": 0.6591549295774151,
  "best_validation_loss": 0.09893453630740714
}