{
  "best_epoch": 5,
  "peak_worker_0_memory_MB": 681.84765625,
  "training_duration": "0:03:34.099269",
  "training_start_epoch": 0,
  "training_epochs": 5,
  "epoch": 5,
  "training_precision-SAI": 0.9801783944499504,
  "training_recall-SAI": 0.9889999999999999,
  "training_f1-measure-SAI": 0.9845694375310599,
  "training_precision-CMP": 0.8905950095969288,
  "training_recall-CMP": 0.9279999999999998,
  "training_f1-measure-CMP": 0.908912830558226,
  "training_precision-PER": 0.7220586503356495,
  "training_recall-PER": 0.6590347199828013,
  "training_f1-measure-PER": 0.6891086883218563,
  "training_precision-LRG": 0.992503748125937,
  "training_recall-LRG": 0.993,
  "training_f1-measure-LRG": 0.9927518120469383,
  "training_precision-ART": 0.930139720558882,
  "training_recall-ART": 0.9319999999999998,
  "training_f1-measure-ART": 0.9310689310688809,
  "training_precision-DMD": 0.9470046082949306,
  "training_recall-DMD": 0.8219999999999998,
  "training_f1-measure-DMD": 0.8800856531048751,
  "training_precision-LOC": 0.6748268449964174,
  "training_recall-LOC": 0.6408482649126787,
  "training_f1-measure-LOC": 0.6573987901348965,
  "training_precision-DAT": 0.9617834394904456,
  "training_recall-DAT": 0.9059999999999998,
  "training_f1-measure-DAT": 0.933058702368642,
  "training_precision-ORG": 0.44090225563909774,
  "training_recall-ORG": 0.39197860962566844,
  "training_f1-measure-ORG": 0.4150035385703677,
  "training_precision-SUP": 0.99899849774662,
  "training_recall-SUP": 0.9975,
  "training_f1-measure-SUP": 0.9982486865148363,
  "training_precision-overall": 0.7377967851349359,
  "training_recall-overall": 0.6933924673434739,
  "training_f1-measure-overall": 0.7149057783334323,
  "training_loss": 0.09078422732835327,
  "training_worker_0_memory_MB": 681.84765625,
  "validation_precision-SAI": 0.999999999999999,
  "validation_recall-SAI": 0.999999999999999,
  "validation_f1-measure-SAI": 0.9999999999999489,
  "validation_precision-CMP": 0.9411764705882335,
  "validation_recall-CMP": 0.9599999999999981,
  "validation_f1-measure-CMP": 0.9504950495048987,
  "validation_precision-PER": 0.6979539641943734,
  "validation_recall-PER": 0.6863682092555332,
  "validation_f1-measure-PER": 0.6921126046157249,
  "validation_precision-LRG": 0.99502487562189,
  "validation_recall-LRG": 0.9999999999999994,
  "validation_f1-measure-LRG": 0.9975062344139145,
  "validation_precision-ART": 0.8461538461538445,
  "validation_recall-ART": 0.8799999999999982,
  "validation_f1-measure-ART": 0.8627450980391641,
  "validation_precision-DMD": 0.7499999999999987,
  "validation_recall-DMD": 0.8399999999999983,
  "validation_f1-measure-DMD": 0.7924528301886279,
  "validation_precision-LOC": 0.7077488309953239,
  "validation_recall-LOC": 0.536727456940223,
  "validation_f1-measure-LOC": 0.6104868913857188,
  "validation_precision-ORG": 0.3288324066719619,
  "validation_recall-ORG": 0.3112781954887218,
  "validation_f1-measure-ORG": 0.3198146002316998,
  "validation_precision-DAT": 0.9230769230769207,
  "validation_recall-DAT": 0.7199999999999985,
  "validation_f1-measure-DAT": 0.8089887640448928,
  "validation_precision-SUP": 0.9999999999999994,
  "validation_recall-SUP": 0.9999999999999994,
  "validation_f1-measure-SUP": 0.9999999999999494,
  "validation_precision-overall": 0.6693748589483187,
  "validation_recall-overall": 0.5959413301185453,
  "validation_f1-measure-overall": 0.630527210884304,
  "validation_loss": 0.10591036327650437,
  "best_validation_precision-SAI": 0.999999999999999,
  "best_validation_recall-SAI": 0.999999999999999,
  "best_validation_f1-measure-SAI": 0.9999999999999489,
  "best_validation_precision-CMP": 0.9411764705882335,
  "best_validation_recall-CMP": 0.9599999999999981,
  "best_validation_f1-measure-CMP": 0.9504950495048987,
  "best_validation_precision-PER": 0.6979539641943734,
  "best_validation_recall-PER": 0.6863682092555332,
  "best_validation_f1-measure-PER": 0.6921126046157249,
  "best_validation_precision-LRG": 0.99502487562189,
  "best_validation_recall-LRG": 0.9999999999999994,
  "best_validation_f1-measure-LRG": 0.9975062344139145,
  "best_validation_precision-ART": 0.8461538461538445,
  "best_validation_recall-ART": 0.8799999999999982,
  "best_validation_f1-measure-ART": 0.8627450980391641,
  "best_validation_precision-DMD": 0.7499999999999987,
  "best_validation_recall-DMD": 0.8399999999999983,
  "best_validation_f1-measure-DMD": 0.7924528301886279,
  "best_validation_precision-LOC": 0.7077488309953239,
  "best_validation_recall-LOC": 0.536727456940223,
  "best_validation_f1-measure-LOC": 0.6104868913857188,
  "best_validation_precision-ORG": 0.3288324066719619,
  "best_validation_recall-ORG": 0.3112781954887218,
  "best_validation_f1-measure-ORG": 0.3198146002316998,
  "best_validation_precision-DAT": 0.9230769230769207,
  "best_validation_recall-DAT": 0.7199999999999985,
  "best_validation_f1-measure-DAT": 0.8089887640448928,
  "best_validation_precision-SUP": 0.9999999999999994,
  "best_validation_recall-SUP": 0.9999999999999994,
  "best_validation_f1-measure-SUP": 0.9999999999999494,
  "best_validation_precision-overall": 0.6693748589483187,
  "best_validation_recall-overall": 0.5959413301185453,
  "best_validation_f1-measure-overall": 0.630527210884304,
  "best_validation_loss": 0.10591036327650437
}