{
  "best_epoch": 2,
  "peak_worker_0_memory_MB": 661.80859375,
  "training_duration": "0:01:44.288624",
  "training_start_epoch": 0,
  "training_epochs": 2,
  "epoch": 2,
  "training_precision-DMD": 0.9829787234042551,
  "training_recall-DMD": 0.9239999999999998,
  "training_f1-measure-DMD": 0.9525773195875789,
  "training_precision-CMP": 0.9009900990099008,
  "training_recall-CMP": 0.9099999999999998,
  "training_f1-measure-CMP": 0.9054726368158702,
  "training_precision-LOC": 0.608432976714915,
  "training_recall-LOC": 0.5481968700385575,
  "training_f1-measure-LOC": 0.5767464057745729,
  "training_precision-DAT": 0.9816091954022986,
  "training_recall-DAT": 0.8539999999999998,
  "training_f1-measure-DAT": 0.9133689839571693,
  "training_precision-ORG": 0.3497739416358405,
  "training_recall-ORG": 0.22754010695187166,
  "training_f1-measure-ORG": 0.2757168313623368,
  "training_precision-LRG": 0.9885515181682429,
  "training_recall-LRG": 0.993,
  "training_f1-measure-LRG": 0.9907707657769517,
  "training_precision-PER": 0.6447604406866513,
  "training_recall-PER": 0.5410082768999247,
  "training_f1-measure-PER": 0.5883453153310627,
  "training_precision-ART": 0.8096192384769537,
  "training_recall-ART": 0.8079999999999998,
  "training_f1-measure-ART": 0.8088088088087586,
  "training_precision-SAI": 0.9637610186092066,
  "training_recall-SAI": 0.9839999999999999,
  "training_f1-measure-SAI": 0.9737753587332504,
  "training_precision-SUP": 0.9925074925074925,
  "training_recall-SUP": 0.9935,
  "training_f1-measure-SUP": 0.9930034982508247,
  "training_precision-overall": 0.693452736318408,
  "training_recall-overall": 0.6036866359447005,
  "training_f1-measure-overall": 0.6454636387211004,
  "training_loss": 0.13518695100681827,
  "training_worker_0_memory_MB": 661.80859375,
  "validation_precision-DMD": 0.999999999999998,
  "validation_recall-DMD": 0.9799999999999981,
  "validation_f1-measure-DMD": 0.989898989898938,
  "validation_precision-CMP": 0.9215686274509786,
  "validation_recall-CMP": 0.9399999999999982,
  "validation_f1-measure-CMP": 0.930693069306879,
  "validation_precision-LOC": 0.594553706505295,
  "validation_recall-LOC": 0.49772036474164133,
  "validation_f1-measure-LOC": 0.5418447538948905,
  "validation_precision-DAT": 0.9791666666666646,
  "validation_recall-DAT": 0.9399999999999982,
  "validation_f1-measure-DAT": 0.9591836734693359,
  "validation_precision-ORG": 0.33515482695810556,
  "validation_recall-ORG": 0.13834586466165413,
  "validation_f1-measure-ORG": 0.19584885577430666,
  "validation_precision-LRG": 0.9999999999999994,
  "validation_recall-LRG": 0.9999999999999994,
  "validation_f1-measure-LRG": 0.9999999999999494,
  "validation_precision-PER": 0.6607038123167155,
  "validation_recall-PER": 0.5666498993963782,
  "validation_f1-measure-PER": 0.610073111291583,
  "validation_precision-SAI": 0.9803921568627442,
  "validation_recall-SAI": 0.999999999999999,
  "validation_f1-measure-SAI": 0.9900990099009391,
  "validation_precision-ART": 0.9599999999999981,
  "validation_recall-ART": 0.9599999999999981,
  "validation_f1-measure-ART": 0.9599999999999481,
  "validation_precision-SUP": 0.99502487562189,
  "validation_recall-SUP": 0.9999999999999994,
  "validation_f1-measure-SUP": 0.9975062344139145,
  "validation_precision-overall": 0.6394224733207784,
  "validation_recall-overall": 0.5116536065903154,
  "validation_f1-measure-overall": 0.5684468999385632,
  "validation_loss": 0.13633441871976199,
  "best_validation_precision-DMD": 0.999999999999998,
  "best_validation_recall-DMD": 0.9799999999999981,
  "best_validation_f1-measure-DMD": 0.989898989898938,
  "best_validation_precision-CMP": 0.9215686274509786,
  "best_validation_recall-CMP": 0.9399999999999982,
  "best_validation_f1-measure-CMP": 0.930693069306879,
  "best_validation_precision-LOC": 0.594553706505295,
  "best_validation_recall-LOC": 0.49772036474164133,
  "best_validation_f1-measure-LOC": 0.5418447538948905,
  "best_validation_precision-DAT": 0.9791666666666646,
  "best_validation_recall-DAT": 0.9399999999999982,
  "best_validation_f1-measure-DAT": 0.9591836734693359,
  "best_validation_precision-ORG": 0.33515482695810556,
  "best_validation_recall-ORG": 0.13834586466165413,
  "best_validation_f1-measure-ORG": 0.19584885577430666,
  "best_validation_precision-LRG": 0.9999999999999994,
  "best_validation_recall-LRG": 0.9999999999999994,
  "best_validation_f1-measure-LRG": 0.9999999999999494,
  "best_validation_precision-PER": 0.6607038123167155,
  "best_validation_recall-PER": 0.5666498993963782,
  "best_validation_f1-measure-PER": 0.610073111291583,
  "best_validation_precision-SAI": 0.9803921568627442,
  "best_validation_recall-SAI": 0.999999999999999,
  "best_validation_f1-measure-SAI": 0.9900990099009391,
  "best_validation_precision-ART": 0.9599999999999981,
  "best_validation_recall-ART": 0.9599999999999981,
  "best_validation_f1-measure-ART": 0.9599999999999481,
  "best_validation_precision-SUP": 0.99502487562189,
  "best_validation_recall-SUP": 0.9999999999999994,
  "best_validation_f1-measure-SUP": 0.9975062344139145,
  "best_validation_precision-overall": 0.6394224733207784,
  "best_validation_recall-overall": 0.5116536065903154,
  "best_validation_f1-measure-overall": 0.5684468999385632,
  "best_validation_loss": 0.13633441871976199
}