{
  "best_epoch": 18,
  "peak_worker_0_memory_MB": 688.234375,
  "training_duration": "0:16:35.792876",
  "training_start_epoch": 0,
  "training_epochs": 27,
  "epoch": 27,
  "training_precision-SAI": 0.995019920318725,
  "training_recall-SAI": 0.9989999999999999,
  "training_f1-measure-SAI": 0.997005988023902,
  "training_precision-CMP": 0.8980769230769229,
  "training_recall-CMP": 0.9339999999999998,
  "training_f1-measure-CMP": 0.9156862745097538,
  "training_precision-PER": 0.8614200171086399,
  "training_recall-PER": 0.8659572181016876,
  "training_f1-measure-PER": 0.8636826588045602,
  "training_precision-LRG": 0.992496248124062,
  "training_recall-LRG": 0.992,
  "training_f1-measure-LRG": 0.9922480620154539,
  "training_precision-ART": 0.9622266401590455,
  "training_recall-ART": 0.9679999999999997,
  "training_f1-measure-ART": 0.9651046859421233,
  "training_precision-DMD": 0.9658119658119656,
  "training_recall-DMD": 0.9039999999999998,
  "training_f1-measure-DMD": 0.933884297520611,
  "training_precision-LOC": 0.8178599092619232,
  "training_recall-LOC": 0.8381719210705375,
  "training_f1-measure-LOC": 0.8278913469615855,
  "training_precision-DAT": 0.9791666666666664,
  "training_recall-DAT": 0.9399999999999998,
  "training_f1-measure-DAT": 0.9591836734693375,
  "training_precision-ORG": 0.6220532319391635,
  "training_recall-ORG": 0.6561497326203208,
  "training_f1-measure-ORG": 0.6386467143786098,
  "training_precision-SUP": 0.9975012493753124,
  "training_recall-SUP": 0.998,
  "training_f1-measure-SUP": 0.9977505623593602,
  "training_precision-overall": 0.844552867719813,
  "training_recall-overall": 0.8576625896538581,
  "training_f1-measure-overall": 0.8510572460030442,
  "training_loss": 0.028672458919123164,
  "training_worker_0_memory_MB": 688.234375,
  "validation_precision-SAI": 0.999999999999999,
  "validation_recall-SAI": 0.999999999999999,
  "validation_f1-measure-SAI": 0.9999999999999489,
  "validation_precision-CMP": 0.7166666666666655,
  "validation_recall-CMP": 0.8599999999999983,
  "validation_f1-measure-CMP": 0.7818181818181308,
  "validation_precision-PER": 0.8036144578313253,
  "validation_recall-PER": 0.8387826961770624,
  "validation_f1-measure-PER": 0.8208220526703907,
  "validation_precision-LRG": 0.9999999999999994,
  "validation_recall-LRG": 0.9999999999999994,
  "validation_f1-measure-LRG": 0.9999999999999494,
  "validation_precision-ART": 0.9230769230769214,
  "validation_recall-ART": 0.9599999999999981,
  "validation_f1-measure-ART": 0.9411764705881837,
  "validation_precision-DMD": 0.9777777777777756,
  "validation_recall-DMD": 0.8799999999999982,
  "validation_f1-measure-DMD": 0.9263157894736325,
  "validation_precision-LOC": 0.7882745207001945,
  "validation_recall-LOC": 0.7185916919959473,
  "validation_f1-measure-LOC": 0.75182191599306,
  "validation_precision-ORG": 0.5356589147286822,
  "validation_recall-ORG": 0.5195488721804511,
  "validation_f1-measure-ORG": 0.5274809160304845,
  "validation_precision-DAT": 0.886792452830187,
  "validation_recall-DAT": 0.9399999999999982,
  "validation_f1-measure-DAT": 0.9126213592232494,
  "validation_precision-SUP": 0.99502487562189,
  "validation_recall-SUP": 0.9999999999999994,
  "validation_f1-measure-SUP": 0.9975062344139145,
  "validation_precision-overall": 0.7738461538461539,
  "validation_recall-overall": 0.7579867389993973,
  "validation_f1-measure-overall": 0.7658343483556139,
  "validation_loss": 0.09580102742282794,
  "best_validation_precision-SAI": 0.9900990099009891,
  "best_validation_recall-SAI": 0.999999999999999,
  "best_validation_f1-measure-SAI": 0.9950248756218396,
  "best_validation_precision-CMP": 0.8679245283018852,
  "best_validation_recall-CMP": 0.9199999999999982,
  "best_validation_f1-measure-CMP": 0.8932038834950939,
  "best_validation_precision-PER": 0.7680924855491329,
  "best_validation_recall-PER": 0.8355130784708249,
  "best_validation_f1-measure-PER": 0.8003854957233569,
  "best_validation_precision-LRG": 0.99502487562189,
  "best_validation_recall-LRG": 0.9999999999999994,
  "best_validation_f1-measure-LRG": 0.9975062344139145,
  "best_validation_precision-ART": 0.9607843137254883,
  "best_validation_recall-ART": 0.9799999999999981,
  "best_validation_f1-measure-ART": 0.9702970297029184,
  "best_validation_precision-DMD": 0.9545454545454524,
  "best_validation_recall-DMD": 0.8399999999999983,
  "best_validation_f1-measure-DMD": 0.8936170212765441,
  "best_validation_precision-LOC": 0.755467720685112,
  "best_validation_recall-LOC": 0.7261904761904762,
  "best_validation_f1-measure-LOC": 0.7405398424382815,
  "best_validation_precision-ORG": 0.4932287954383464,
  "best_validation_recall-ORG": 0.5203007518796993,
  "best_validation_f1-measure-ORG": 0.5064032199048165,
  "best_validation_precision-DAT": 0.9574468085106362,
  "best_validation_recall-DAT": 0.8999999999999982,
  "best_validation_f1-measure-DAT": 0.9278350515463399,
  "best_validation_precision-SUP": 0.9900990099009895,
  "best_validation_recall-SUP": 0.9999999999999994,
  "best_validation_f1-measure-SUP": 0.99502487562184,
  "best_validation_precision-overall": 0.7398747798865193,
  "best_validation_recall-overall": 0.7597950572634117,
  "best_validation_f1-measure-overall": 0.7497026169706081,
  "best_validation_loss": 0.08803048072471581
}