{
  "best_epoch": 18,
  "peak_worker_0_memory_MB": 687.5,
  "training_duration": "0:12:30.607324",
  "training_start_epoch": 0,
  "training_epochs": 20,
  "epoch": 20,
  "training_precision-SAI": 0.9910447761194029,
  "training_recall-SAI": 0.9959999999999999,
  "training_f1-measure-SAI": 0.9935162094762591,
  "training_precision-CMP": 0.9294117647058822,
  "training_recall-CMP": 0.9479999999999997,
  "training_f1-measure-CMP": 0.9386138613860884,
  "training_precision-PER": 0.8430676562331935,
  "training_recall-PER": 0.8425239170160164,
  "training_f1-measure-PER": 0.8427956989246812,
  "training_precision-LRG": 0.9894472361809046,
  "training_recall-LRG": 0.9845,
  "training_f1-measure-LRG": 0.9869674185463161,
  "training_precision-ART": 0.9761904761904759,
  "training_recall-ART": 0.9839999999999998,
  "training_f1-measure-ART": 0.9800796812748501,
  "training_precision-DMD": 0.9644351464435145,
  "training_recall-DMD": 0.9219999999999998,
  "training_f1-measure-DMD": 0.9427402862985184,
  "training_precision-LOC": 0.8003135849479225,
  "training_recall-LOC": 0.8103878430483102,
  "training_f1-measure-LOC": 0.805319208880324,
  "training_precision-DAT": 0.979209979209979,
  "training_recall-DAT": 0.9419999999999998,
  "training_f1-measure-DAT": 0.9602446483179927,
  "training_precision-ORG": 0.6056921086675291,
  "training_recall-ORG": 0.6259358288770054,
  "training_f1-measure-ORG": 0.615647600262935,
  "training_precision-SUP": 0.9974962443665498,
  "training_recall-SUP": 0.996,
  "training_f1-measure-SUP": 0.996747560670453,
  "training_precision-overall": 0.8321861233480177,
  "training_recall-overall": 0.8378088077336198,
  "training_f1-measure-overall": 0.8349880000690144,
  "training_loss": 0.03561063100142346,
  "training_worker_0_memory_MB": 687.5,
  "validation_precision-SAI": 0.999999999999999,
  "validation_recall-SAI": 0.999999999999999,
  "validation_f1-measure-SAI": 0.9999999999999489,
  "validation_precision-CMP": 0.7719298245614021,
  "validation_recall-CMP": 0.8799999999999982,
  "validation_f1-measure-CMP": 0.8224299065420048,
  "validation_precision-PER": 0.8168724279835391,
  "validation_recall-PER": 0.7987927565392354,
  "validation_f1-measure-PER": 0.8077314343844872,
  "validation_precision-LRG": 0.9900497512437806,
  "validation_recall-LRG": 0.9949999999999994,
  "validation_f1-measure-LRG": 0.9925187032418448,
  "validation_precision-ART": 0.9199999999999982,
  "validation_recall-ART": 0.9199999999999982,
  "validation_f1-measure-ART": 0.9199999999999482,
  "validation_precision-DMD": 0.9361702127659555,
  "validation_recall-DMD": 0.8799999999999982,
  "validation_f1-measure-DMD": 0.907216494845309,
  "validation_precision-LOC": 0.7902160864345739,
  "validation_recall-LOC": 0.666919959473151,
  "validation_f1-measure-LOC": 0.7233516483515988,
  "validation_precision-ORG": 0.4666666666666667,
  "validation_recall-ORG": 0.531578947368421,
  "validation_f1-measure-ORG": 0.4970123022846602,
  "validation_precision-DAT": 0.9777777777777756,
  "validation_recall-DAT": 0.8799999999999982,
  "validation_f1-measure-DAT": 0.9263157894736325,
  "validation_precision-SUP": 0.99502487562189,
  "validation_recall-SUP": 0.9999999999999994,
  "validation_f1-measure-SUP": 0.9975062344139145,
  "validation_precision-overall": 0.7622933446375583,
  "validation_recall-overall": 0.7226240707253365,
  "validation_f1-measure-overall": 0.7419288292934002,
  "validation_loss": 0.09219479489333707,
  "best_validation_precision-SAI": 0.9900990099009891,
  "best_validation_recall-SAI": 0.999999999999999,
  "best_validation_f1-measure-SAI": 0.9950248756218396,
  "best_validation_precision-CMP": 0.8679245283018852,
  "best_validation_recall-CMP": 0.9199999999999982,
  "best_validation_f1-measure-CMP": 0.8932038834950939,
  "best_validation_precision-PER": 0.7680924855491329,
  "best_validation_recall-PER": 0.8355130784708249,
  "best_validation_f1-measure-PER": 0.8003854957233569,
  "best_validation_precision-LRG": 0.99502487562189,
  "best_validation_recall-LRG": 0.9999999999999994,
  "best_validation_f1-measure-LRG": 0.9975062344139145,
  "best_validation_precision-ART": 0.9607843137254883,
  "best_validation_recall-ART": 0.9799999999999981,
  "best_validation_f1-measure-ART": 0.9702970297029184,
  "best_validation_precision-DMD": 0.9545454545454524,
  "best_validation_recall-DMD": 0.8399999999999983,
  "best_validation_f1-measure-DMD": 0.8936170212765441,
  "best_validation_precision-LOC": 0.755467720685112,
  "best_validation_recall-LOC": 0.7261904761904762,
  "best_validation_f1-measure-LOC": 0.7405398424382815,
  "best_validation_precision-ORG": 0.4932287954383464,
  "best_validation_recall-ORG": 0.5203007518796993,
  "best_validation_f1-measure-ORG": 0.5064032199048165,
  "best_validation_precision-DAT": 0.9574468085106362,
  "best_validation_recall-DAT": 0.8999999999999982,
  "best_validation_f1-measure-DAT": 0.9278350515463399,
  "best_validation_precision-SUP": 0.9900990099009895,
  "best_validation_recall-SUP": 0.9999999999999994,
  "best_validation_f1-measure-SUP": 0.99502487562184,
  "best_validation_precision-overall": 0.7398747798865193,
  "best_validation_recall-overall": 0.7597950572634117,
  "best_validation_f1-measure-overall": 0.7497026169706081,
  "best_validation_loss": 0.08803048072471581
}