{
  "best_epoch": 1,
  "peak_worker_0_memory_MB": 657.95703125,
  "training_duration": "0:01:12.845102",
  "training_start_epoch": 0,
  "training_epochs": 1,
  "epoch": 1,
  "training_precision-SAI": 0.6378482228626321,
  "training_recall-SAI": 0.6639999999999999,
  "training_f1-measure-SAI": 0.6506614404703077,
  "training_precision-CMP": 0.32475247524752465,
  "training_recall-CMP": 0.3279999999999999,
  "training_f1-measure-CMP": 0.32636815920393,
  "training_precision-PER": 0.5718932104621223,
  "training_recall-PER": 0.4536171127593249,
  "training_f1-measure-PER": 0.5059345402229456,
  "training_precision-LRG": 0.9139731476877175,
  "training_recall-LRG": 0.919,
  "training_f1-measure-LRG": 0.9164796808775366,
  "training_precision-ART": 0.27536231884057966,
  "training_recall-ART": 0.22799999999999995,
  "training_f1-measure-ART": 0.24945295404809045,
  "training_precision-DMD": 0.0,
  "training_recall-DMD": 0.0,
  "training_f1-measure-DMD": 0.0,
  "training_precision-LOC": 0.4975521772738985,
  "training_recall-LOC": 0.4379677931503742,
  "training_f1-measure-LOC": 0.4658624849215424,
  "training_precision-DAT": 0.9090909090909008,
  "training_recall-DAT": 0.019999999999999997,
  "training_f1-measure-DAT": 0.03913894324852806,
  "training_precision-ORG": 0.1464968152866242,
  "training_recall-ORG": 0.055347593582887704,
  "training_f1-measure-ORG": 0.08034154861241895,
  "training_precision-SUP": 0.9296482412060302,
  "training_recall-SUP": 0.925,
  "training_f1-measure-SUP": 0.9273182957392984,
  "training_precision-overall": 0.5739589807333748,
  "training_recall-overall": 0.4479747756487994,
  "training_f1-measure-overall": 0.5032011987467155,
  "training_loss": 0.16099111338015495,
  "training_worker_0_memory_MB": 657.95703125,
  "validation_precision-SAI": 0.9306930693069297,
  "validation_recall-SAI": 0.9399999999999991,
  "validation_f1-measure-SAI": 0.9353233830845262,
  "validation_precision-CMP": 0.7719298245614021,
  "validation_recall-CMP": 0.8799999999999982,
  "validation_f1-measure-CMP": 0.8224299065420048,
  "validation_precision-PER": 0.6034675615212528,
  "validation_recall-PER": 0.5427565392354124,
  "validation_f1-measure-PER": 0.5715042372880857,
  "validation_precision-LRG": 0.985074626865671,
  "validation_recall-LRG": 0.9899999999999994,
  "validation_f1-measure-LRG": 0.9875311720697749,
  "validation_precision-ART": 0.7399999999999985,
  "validation_recall-ART": 0.7399999999999985,
  "validation_f1-measure-ART": 0.7399999999999486,
  "validation_precision-DMD": 0.0,
  "validation_recall-DMD": 0.0,
  "validation_f1-measure-DMD": 0.0,
  "validation_precision-LOC": 0.6173725771715721,
  "validation_recall-LOC": 0.43566362715298884,
  "validation_f1-measure-LOC": 0.5108405108404624,
  "validation_precision-ORG": 0.2560386473429951,
  "validation_recall-ORG": 0.07969924812030076,
  "validation_f1-measure-ORG": 0.12155963302748672,
  "validation_precision-DAT": 0.9999999999999944,
  "validation_recall-DAT": 0.35999999999999927,
  "validation_f1-measure-DAT": 0.529411764705842,
  "validation_precision-SUP": 0.99502487562189,
  "validation_recall-SUP": 0.9999999999999994,
  "validation_f1-measure-SUP": 0.9975062344139145,
  "validation_precision-overall": 0.6178257933828494,
  "validation_recall-overall": 0.45961422543701025,
  "validation_f1-measure-overall": 0.5271040958580074,
  "validation_loss": 0.14956764283942986,
  "best_validation_precision-SAI": 0.9306930693069297,
  "best_validation_recall-SAI": 0.9399999999999991,
  "best_validation_f1-measure-SAI": 0.9353233830845262,
  "best_validation_precision-CMP": 0.7719298245614021,
  "best_validation_recall-CMP": 0.8799999999999982,
  "best_validation_f1-measure-CMP": 0.8224299065420048,
  "best_validation_precision-PER": 0.6034675615212528,
  "best_validation_recall-PER": 0.5427565392354124,
  "best_validation_f1-measure-PER": 0.5715042372880857,
  "best_validation_precision-LRG": 0.985074626865671,
  "best_validation_recall-LRG": 0.9899999999999994,
  "best_validation_f1-measure-LRG": 0.9875311720697749,
  "best_validation_precision-ART": 0.7399999999999985,
  "best_validation_recall-ART": 0.7399999999999985,
  "best_validation_f1-measure-ART": 0.7399999999999486,
  "best_validation_precision-DMD": 0.0,
  "best_validation_recall-DMD": 0.0,
  "best_validation_f1-measure-DMD": 0.0,
  "best_validation_precision-LOC": 0.6173725771715721,
  "best_validation_recall-LOC": 0.43566362715298884,
  "best_validation_f1-measure-LOC": 0.5108405108404624,
  "best_validation_precision-ORG": 0.2560386473429951,
  "best_validation_recall-ORG": 0.07969924812030076,
  "best_validation_f1-measure-ORG": 0.12155963302748672,
  "best_validation_precision-DAT": 0.9999999999999944,
  "best_validation_recall-DAT": 0.35999999999999927,
  "best_validation_f1-measure-DAT": 0.529411764705842,
  "best_validation_precision-SUP": 0.99502487562189,
  "best_validation_recall-SUP": 0.9999999999999994,
  "best_validation_f1-measure-SUP": 0.9975062344139145,
  "best_validation_precision-overall": 0.6178257933828494,
  "best_validation_recall-overall": 0.45961422543701025,
  "best_validation_f1-measure-overall": 0.5271040958580074,
  "best_validation_loss": 0.14956764283942986
}