{
  "best_epoch": 18,
  "peak_worker_0_memory_MB": 688.234375,
  "training_duration": "0:16:00.693533",
  "training_start_epoch": 0,
  "training_epochs": 26,
  "epoch": 26,
  "training_precision-SAI": 0.9980019980019978,
  "training_recall-SAI": 0.9989999999999999,
  "training_f1-measure-SAI": 0.9985007496251372,
  "training_precision-CMP": 0.9137254901960782,
  "training_recall-CMP": 0.9319999999999998,
  "training_f1-measure-CMP": 0.9227722772276726,
  "training_precision-PER": 0.8561020036429873,
  "training_recall-PER": 0.8588627324518973,
  "training_f1-measure-PER": 0.8574801459540174,
  "training_precision-LRG": 0.994,
  "training_recall-LRG": 0.994,
  "training_f1-measure-LRG": 0.99399999999995,
  "training_precision-ART": 0.9681908548707752,
  "training_recall-ART": 0.9739999999999998,
  "training_f1-measure-ART": 0.9710867397806079,
  "training_precision-DMD": 0.9521829521829519,
  "training_recall-DMD": 0.9159999999999998,
  "training_f1-measure-DMD": 0.9337410805300213,
  "training_precision-LOC": 0.816002663411386,
  "training_recall-LOC": 0.8338625538670901,
  "training_f1-measure-LOC": 0.8248359414436653,
  "training_precision-DAT": 0.9769392033542975,
  "training_recall-DAT": 0.9319999999999998,
  "training_f1-measure-DAT": 0.953940634595651,
  "training_precision-ORG": 0.6273958599539995,
  "training_recall-ORG": 0.6564171122994652,
  "training_f1-measure-ORG": 0.6415784659610111,
  "training_precision-SUP": 0.9960079840319361,
  "training_recall-SUP": 0.998,
  "training_f1-measure-SUP": 0.997002997002947,
  "training_precision-overall": 0.8434987856189923,
  "training_recall-overall": 0.8543709504175184,
  "training_f1-measure-overall": 0.8489000585257875,
  "training_loss": 0.029141646375822387,
  "training_worker_0_memory_MB": 688.234375,
  "validation_precision-SAI": 0.999999999999999,
  "validation_recall-SAI": 0.999999999999999,
  "validation_f1-measure-SAI": 0.9999999999999489,
  "validation_precision-CMP": 0.7719298245614021,
  "validation_recall-CMP": 0.8799999999999982,
  "validation_f1-measure-CMP": 0.8224299065420048,
  "validation_precision-PER": 0.8060781476121563,
  "validation_recall-PER": 0.8405432595573441,
  "validation_f1-measure-PER": 0.8229500123121886,
  "validation_precision-LRG": 0.9848484848484843,
  "validation_recall-LRG": 0.9749999999999994,
  "validation_f1-measure-LRG": 0.9798994974873867,
  "validation_precision-ART": 0.9799999999999981,
  "validation_recall-ART": 0.9799999999999981,
  "validation_f1-measure-ART": 0.9799999999999481,
  "validation_precision-DMD": 0.9782608695652153,
  "validation_recall-DMD": 0.8999999999999982,
  "validation_f1-measure-DMD": 0.9374999999999482,
  "validation_precision-LOC": 0.7744636316064888,
  "validation_recall-LOC": 0.7497467071935157,
  "validation_f1-measure-LOC": 0.7619047619047119,
  "validation_precision-ORG": 0.5515625,
  "validation_recall-ORG": 0.530827067669173,
  "validation_f1-measure-ORG": 0.5409961685823255,
  "validation_precision-DAT": 0.9583333333333314,
  "validation_recall-DAT": 0.9199999999999982,
  "validation_f1-measure-DAT": 0.9387755102040298,
  "validation_precision-SUP": 0.9851485148514846,
  "validation_recall-SUP": 0.9949999999999994,
  "validation_f1-measure-SUP": 0.9900497512437306,
  "validation_precision-overall": 0.7725399537641974,
  "validation_recall-overall": 0.7721518987341772,
  "validation_f1-measure-overall": 0.7723458775058537,
  "validation_loss": 0.09425220134896364,
  "best_validation_precision-SAI": 0.9900990099009891,
  "best_validation_recall-SAI": 0.999999999999999,
  "best_validation_f1-measure-SAI": 0.9950248756218396,
  "best_validation_precision-CMP": 0.8679245283018852,
  "best_validation_recall-CMP": 0.9199999999999982,
  "best_validation_f1-measure-CMP": 0.8932038834950939,
  "best_validation_precision-PER": 0.7680924855491329,
  "best_validation_recall-PER": 0.8355130784708249,
  "best_validation_f1-measure-PER": 0.8003854957233569,
  "best_validation_precision-LRG": 0.99502487562189,
  "best_validation_recall-LRG": 0.9999999999999994,
  "best_validation_f1-measure-LRG": 0.9975062344139145,
  "best_validation_precision-ART": 0.9607843137254883,
  "best_validation_recall-ART": 0.9799999999999981,
  "best_validation_f1-measure-ART": 0.9702970297029184,
  "best_validation_precision-DMD": 0.9545454545454524,
  "best_validation_recall-DMD": 0.8399999999999983,
  "best_validation_f1-measure-DMD": 0.8936170212765441,
  "best_validation_precision-LOC": 0.755467720685112,
  "best_validation_recall-LOC": 0.7261904761904762,
  "best_validation_f1-measure-LOC": 0.7405398424382815,
  "best_validation_precision-ORG": 0.4932287954383464,
  "best_validation_recall-ORG": 0.5203007518796993,
  "best_validation_f1-measure-ORG": 0.5064032199048165,
  "best_validation_precision-DAT": 0.9574468085106362,
  "best_validation_recall-DAT": 0.8999999999999982,
  "best_validation_f1-measure-DAT": 0.9278350515463399,
  "best_validation_precision-SUP": 0.9900990099009895,
  "best_validation_recall-SUP": 0.9999999999999994,
  "best_validation_f1-measure-SUP": 0.99502487562184,
  "best_validation_precision-overall": 0.7398747798865193,
  "best_validation_recall-overall": 0.7597950572634117,
  "best_validation_f1-measure-overall": 0.7497026169706081,
  "best_validation_loss": 0.08803048072471581
}