{
  "best_epoch": 12,
  "peak_worker_0_memory_MB": 673.4140625,
  "training_duration": "0:11:44.415050",
  "training_start_epoch": 0,
  "training_epochs": 19,
  "epoch": 19,
  "training_precision-DMD": 0.9938398357289525,
  "training_recall-DMD": 0.9679999999999997,
  "training_f1-measure-DMD": 0.9807497467071433,
  "training_precision-CMP": 0.9721115537848604,
  "training_recall-CMP": 0.9759999999999998,
  "training_f1-measure-CMP": 0.9740518962075346,
  "training_precision-LOC": 0.7960143304970891,
  "training_recall-LOC": 0.8063052846450443,
  "training_f1-measure-LOC": 0.8011267605633304,
  "training_precision-DAT": 0.9878048780487803,
  "training_recall-DAT": 0.9719999999999998,
  "training_f1-measure-DAT": 0.9798387096773692,
  "training_precision-ORG": 0.6471198754540737,
  "training_recall-ORG": 0.6668449197860963,
  "training_f1-measure-ORG": 0.6568343429022413,
  "training_precision-LRG": 0.9975,
  "training_recall-LRG": 0.9975,
  "training_f1-measure-LRG": 0.9974999999999501,
  "training_precision-PER": 0.8423442906574394,
  "training_recall-PER": 0.8373642910888961,
  "training_f1-measure-PER": 0.8398469085224017,
  "training_precision-ART": 0.9780876494023902,
  "training_recall-ART": 0.9819999999999998,
  "training_f1-measure-ART": 0.9800399201596304,
  "training_precision-SAI": 0.994011976047904,
  "training_recall-SAI": 0.9959999999999999,
  "training_f1-measure-SAI": 0.995004995004945,
  "training_precision-SUP": 0.9980009995002499,
  "training_recall-SUP": 0.9985,
  "training_f1-measure-SUP": 0.9982504373906025,
  "training_precision-overall": 0.8384217780840799,
  "training_recall-overall": 0.8430407816776966,
  "training_f1-measure-overall": 0.840724935643771,
  "training_loss": 0.03470040204628553,
  "training_worker_0_memory_MB": 673.4140625,
  "validation_precision-DMD": 0.8035714285714272,
  "validation_recall-DMD": 0.8999999999999982,
  "validation_f1-measure-DMD": 0.8490566037735335,
  "validation_precision-CMP": 0.9230769230769214,
  "validation_recall-CMP": 0.9599999999999981,
  "validation_f1-measure-CMP": 0.9411764705881837,
  "validation_precision-LOC": 0.7235148514851485,
  "validation_recall-LOC": 0.7403748733535968,
  "validation_f1-measure-LOC": 0.7318477716574363,
  "validation_precision-DAT": 0.9599999999999981,
  "validation_recall-DAT": 0.9599999999999981,
  "validation_f1-measure-DAT": 0.9599999999999481,
  "validation_precision-ORG": 0.5149425287356322,
  "validation_recall-ORG": 0.5052631578947369,
  "validation_f1-measure-ORG": 0.510056925996155,
  "validation_precision-LRG": 0.9707317073170726,
  "validation_recall-LRG": 0.9949999999999994,
  "validation_f1-measure-LRG": 0.9827160493826655,
  "validation_precision-PER": 0.7675233644859814,
  "validation_recall-PER": 0.8262072434607646,
  "validation_f1-measure-PER": 0.7957848837208803,
  "validation_precision-SAI": 0.9803921568627442,
  "validation_recall-SAI": 0.999999999999999,
  "validation_f1-measure-SAI": 0.9900990099009391,
  "validation_precision-ART": 0.8823529411764689,
  "validation_recall-ART": 0.8999999999999982,
  "validation_f1-measure-ART": 0.8910891089108395,
  "validation_precision-SUP": 0.9756097560975604,
  "validation_recall-SUP": 0.9999999999999994,
  "validation_f1-measure-SUP": 0.9876543209876038,
  "validation_precision-overall": 0.7312004639474193,
  "validation_recall-overall": 0.7599959815149688,
  "validation_f1-measure-overall": 0.745320197044285,
  "validation_loss": 0.09259081185863405,
  "best_validation_precision-DMD": 0.9423076923076905,
  "best_validation_recall-DMD": 0.9799999999999981,
  "best_validation_f1-measure-DMD": 0.9607843137254385,
  "best_validation_precision-CMP": 0.9599999999999981,
  "best_validation_recall-CMP": 0.9599999999999981,
  "best_validation_f1-measure-CMP": 0.9599999999999481,
  "best_validation_precision-LOC": 0.7421097526300825,
  "best_validation_recall-LOC": 0.6610942249240122,
  "best_validation_f1-measure-LOC": 0.6992632283991466,
  "best_validation_precision-DAT": 0.9795918367346919,
  "best_validation_recall-DAT": 0.9599999999999981,
  "best_validation_f1-measure-DAT": 0.9696969696969178,
  "best_validation_precision-ORG": 0.4899919935948759,
  "best_validation_recall-ORG": 0.46015037593984964,
  "best_validation_f1-measure-ORG": 0.4746025591313964,
  "best_validation_precision-LRG": 0.9754901960784308,
  "best_validation_recall-LRG": 0.9949999999999994,
  "best_validation_f1-measure-LRG": 0.9851485148514346,
  "best_validation_precision-PER": 0.7440645773979108,
  "best_validation_recall-PER": 0.7882293762575453,
  "best_validation_f1-measure-PER": 0.7655105031753286,
  "best_validation_precision-SAI": 0.9702970297029694,
  "best_validation_recall-SAI": 0.979999999999999,
  "best_validation_f1-measure-SAI": 0.9751243781094017,
  "best_validation_precision-ART": 0.8703703703703688,
  "best_validation_recall-ART": 0.9399999999999982,
  "best_validation_f1-measure-ART": 0.9038461538461022,
  "best_validation_precision-SUP": 0.9900990099009895,
  "best_validation_recall-SUP": 0.9999999999999994,
  "best_validation_f1-measure-SUP": 0.99502487562184,
  "best_validation_precision-overall": 0.7270381836945304,
  "best_validation_recall-overall": 0.7077556761101065,
  "best_validation_f1-measure-overall": 0.7172673589899725,
  "best_validation_loss": 0.09024894040233274
}