{
  "best_epoch": 4,
  "peak_worker_0_memory_MB": 678.61328125,
  "training_duration": "0:03:00.852750",
  "training_start_epoch": 0,
  "training_epochs": 4,
  "epoch": 4,
  "training_precision-SAI": 0.9753208292201381,
  "training_recall-SAI": 0.9879999999999999,
  "training_f1-measure-SAI": 0.9816194734227021,
  "training_precision-CMP": 0.8814531548757168,
  "training_recall-CMP": 0.9219999999999998,
  "training_f1-measure-CMP": 0.9012707722384641,
  "training_precision-PER": 0.7040755348392495,
  "training_recall-PER": 0.6332365903471998,
  "training_f1-measure-PER": 0.6667798528579014,
  "training_precision-LRG": 0.9889834752128193,
  "training_recall-LRG": 0.9875,
  "training_f1-measure-LRG": 0.9882411808856144,
  "training_precision-ART": 0.9181636726546905,
  "training_recall-ART": 0.9199999999999998,
  "training_f1-measure-ART": 0.9190809190808689,
  "training_precision-DMD": 0.9473684210526313,
  "training_recall-DMD": 0.7919999999999998,
  "training_f1-measure-DMD": 0.8627450980391659,
  "training_precision-LOC": 0.665602357853371,
  "training_recall-LOC": 0.6146518484917215,
  "training_f1-measure-LOC": 0.639113259831328,
  "training_precision-DAT": 0.9504310344827583,
  "training_recall-DAT": 0.8819999999999998,
  "training_f1-measure-DAT": 0.9149377593360494,
  "training_precision-ORG": 0.43648,
  "training_recall-ORG": 0.36470588235294116,
  "training_f1-measure-ORG": 0.397378004369943,
  "training_precision-SUP": 0.9969834087481146,
  "training_recall-SUP": 0.9915,
  "training_f1-measure-SUP": 0.9942341438956633,
  "training_precision-overall": 0.730180859080633,
  "training_recall-overall": 0.6714597553792315,
  "training_f1-measure-overall": 0.6995902601035584,
  "training_loss": 0.10203770636613206,
  "training_worker_0_memory_MB": 678.61328125,
  "validation_precision-SAI": 0.7070707070707064,
  "validation_recall-SAI": 0.6999999999999993,
  "validation_f1-measure-SAI": 0.7035175879396479,
  "validation_precision-CMP": 0.9230769230769214,
  "validation_recall-CMP": 0.9599999999999981,
  "validation_f1-measure-CMP": 0.9411764705881837,
  "validation_precision-PER": 0.7555036691127418,
  "validation_recall-PER": 0.5696680080482898,
  "validation_f1-measure-PER": 0.6495554918267362,
  "validation_precision-LRG": 0.8956043956043951,
  "validation_recall-LRG": 0.8149999999999995,
  "validation_f1-measure-LRG": 0.8534031413612062,
  "validation_precision-ART": 0.8999999999999982,
  "validation_recall-ART": 0.8999999999999982,
  "validation_f1-measure-ART": 0.8999999999999483,
  "validation_precision-DMD": 0.9090909090909071,
  "validation_recall-DMD": 0.7999999999999984,
  "validation_f1-measure-DMD": 0.8510638297871825,
  "validation_precision-LOC": 0.6532209512341962,
  "validation_recall-LOC": 0.549645390070922,
  "validation_f1-measure-LOC": 0.5969738651994002,
  "validation_precision-ORG": 0.2822802197802198,
  "validation_recall-ORG": 0.3090225563909774,
  "validation_f1-measure-ORG": 0.2950466618807828,
  "validation_precision-DAT": 0.9523809523809501,
  "validation_recall-DAT": 0.7999999999999984,
  "validation_f1-measure-DAT": 0.8695652173912529,
  "validation_precision-SUP": 0.9999999999999994,
  "validation_recall-SUP": 0.9999999999999994,
  "validation_f1-measure-SUP": 0.9999999999999494,
  "validation_precision-overall": 0.6455891059798697,
  "validation_recall-overall": 0.5477195097448262,
  "validation_f1-measure-overall": 0.5926409043969284,
  "validation_loss": 0.11526935618077341,
  "best_validation_precision-SAI": 0.7070707070707064,
  "best_validation_recall-SAI": 0.6999999999999993,
  "best_validation_f1-measure-SAI": 0.7035175879396479,
  "best_validation_precision-CMP": 0.9230769230769214,
  "best_validation_recall-CMP": 0.9599999999999981,
  "best_validation_f1-measure-CMP": 0.9411764705881837,
  "best_validation_precision-PER": 0.7555036691127418,
  "best_validation_recall-PER": 0.5696680080482898,
  "best_validation_f1-measure-PER": 0.6495554918267362,
  "best_validation_precision-LRG": 0.8956043956043951,
  "best_validation_recall-LRG": 0.8149999999999995,
  "best_validation_f1-measure-LRG": 0.8534031413612062,
  "best_validation_precision-ART": 0.8999999999999982,
  "best_validation_recall-ART": 0.8999999999999982,
  "best_validation_f1-measure-ART": 0.8999999999999483,
  "best_validation_precision-DMD": 0.9090909090909071,
  "best_validation_recall-DMD": 0.7999999999999984,
  "best_validation_f1-measure-DMD": 0.8510638297871825,
  "best_validation_precision-LOC": 0.6532209512341962,
  "best_validation_recall-LOC": 0.549645390070922,
  "best_validation_f1-measure-LOC": 0.5969738651994002,
  "best_validation_precision-ORG": 0.2822802197802198,
  "best_validation_recall-ORG": 0.3090225563909774,
  "best_validation_f1-measure-ORG": 0.2950466618807828,
  "best_validation_precision-DAT": 0.9523809523809501,
  "best_validation_recall-DAT": 0.7999999999999984,
  "best_validation_f1-measure-DAT": 0.8695652173912529,
  "best_validation_precision-SUP": 0.9999999999999994,
  "best_validation_recall-SUP": 0.9999999999999994,
  "best_validation_f1-measure-SUP": 0.9999999999999494,
  "best_validation_precision-overall": 0.6455891059798697,
  "best_validation_recall-overall": 0.5477195097448262,
  "best_validation_f1-measure-overall": 0.5926409043969284,
  "best_validation_loss": 0.11526935618077341
}