{
  "best_epoch": 12,
  "peak_worker_0_memory_MB": 673.4140625,
  "training_duration": "0:09:57.705642",
  "training_start_epoch": 0,
  "training_epochs": 16,
  "epoch": 16,
  "training_precision-DMD": 0.9917864476386035,
  "training_recall-DMD": 0.9659999999999997,
  "training_f1-measure-DMD": 0.978723404255269,
  "training_precision-CMP": 0.9643564356435641,
  "training_recall-CMP": 0.9739999999999998,
  "training_f1-measure-CMP": 0.9691542288556713,
  "training_precision-LOC": 0.7875835504701484,
  "training_recall-LOC": 0.78838738943071,
  "training_f1-measure-LOC": 0.7879852649475272,
  "training_precision-DAT": 0.9958932238193016,
  "training_recall-DAT": 0.9699999999999998,
  "training_f1-measure-DAT": 0.9827760891590177,
  "training_precision-ORG": 0.6318695766500132,
  "training_recall-ORG": 0.6425133689839572,
  "training_f1-measure-ORG": 0.6371470237305612,
  "training_precision-LRG": 0.9970014992503748,
  "training_recall-LRG": 0.9975,
  "training_f1-measure-LRG": 0.997250687328118,
  "training_precision-PER": 0.8261152013858813,
  "training_recall-PER": 0.8201655379984951,
  "training_f1-measure-PER": 0.8231296186417323,
  "training_precision-ART": 0.9660678642714569,
  "training_recall-ART": 0.9679999999999997,
  "training_f1-measure-ART": 0.9670329670329169,
  "training_precision-SAI": 0.9900695134061568,
  "training_recall-SAI": 0.9969999999999999,
  "training_f1-measure-SAI": 0.9935226706526654,
  "training_precision-SUP": 0.9955044955044955,
  "training_recall-SUP": 0.9965,
  "training_f1-measure-SUP": 0.9960019990004498,
  "training_precision-overall": 0.8285625173274189,
  "training_recall-overall": 0.8284189737015349,
  "training_f1-measure-overall": 0.8284907392968642,
  "training_loss": 0.03927717024945407,
  "training_worker_0_memory_MB": 673.4140625,
  "validation_precision-DMD": 0.9607843137254883,
  "validation_recall-DMD": 0.9799999999999981,
  "validation_f1-measure-DMD": 0.9702970297029184,
  "validation_precision-CMP": 0.9799999999999981,
  "validation_recall-CMP": 0.9799999999999981,
  "validation_f1-measure-CMP": 0.9799999999999481,
  "validation_precision-LOC": 0.779835390946502,
  "validation_recall-LOC": 0.6719858156028369,
  "validation_f1-measure-LOC": 0.7219047619047123,
  "validation_precision-DAT": 0.9259259259259243,
  "validation_recall-DAT": 0.999999999999998,
  "validation_f1-measure-DAT": 0.9615384615384098,
  "validation_precision-ORG": 0.5440199335548173,
  "validation_recall-ORG": 0.4924812030075188,
  "validation_f1-measure-ORG": 0.5169692186266274,
  "validation_precision-LRG": 0.9660194174757276,
  "validation_recall-LRG": 0.9949999999999994,
  "validation_f1-measure-LRG": 0.9802955665024126,
  "validation_precision-PER": 0.8387631143014909,
  "validation_recall-PER": 0.7640845070422535,
  "validation_f1-measure-PER": 0.799684127401898,
  "validation_precision-SAI": 0.979999999999999,
  "validation_recall-SAI": 0.979999999999999,
  "validation_f1-measure-SAI": 0.979999999999949,
  "validation_precision-ART": 0.8888888888888873,
  "validation_recall-ART": 0.9599999999999981,
  "validation_f1-measure-ART": 0.9230769230768715,
  "validation_precision-SUP": 0.9852216748768468,
  "validation_recall-SUP": 0.9999999999999994,
  "validation_f1-measure-SUP": 0.9925558312654582,
  "validation_precision-overall": 0.7868321037335122,
  "validation_recall-overall": 0.707152903355435,
  "validation_f1-measure-overall": 0.7448677248676752,
  "validation_loss": 0.09264152648758509,
  "best_validation_precision-DMD": 0.9423076923076905,
  "best_validation_recall-DMD": 0.9799999999999981,
  "best_validation_f1-measure-DMD": 0.9607843137254385,
  "best_validation_precision-CMP": 0.9599999999999981,
  "best_validation_recall-CMP": 0.9599999999999981,
  "best_validation_f1-measure-CMP": 0.9599999999999481,
  "best_validation_precision-LOC": 0.7421097526300825,
  "best_validation_recall-LOC": 0.6610942249240122,
  "best_validation_f1-measure-LOC": 0.6992632283991466,
  "best_validation_precision-DAT": 0.9795918367346919,
  "best_validation_recall-DAT": 0.9599999999999981,
  "best_validation_f1-measure-DAT": 0.9696969696969178,
  "best_validation_precision-ORG": 0.4899919935948759,
  "best_validation_recall-ORG": 0.46015037593984964,
  "best_validation_f1-measure-ORG": 0.4746025591313964,
  "best_validation_precision-LRG": 0.9754901960784308,
  "best_validation_recall-LRG": 0.9949999999999994,
  "best_validation_f1-measure-LRG": 0.9851485148514346,
  "best_validation_precision-PER": 0.7440645773979108,
  "best_validation_recall-PER": 0.7882293762575453,
  "best_validation_f1-measure-PER": 0.7655105031753286,
  "best_validation_precision-SAI": 0.9702970297029694,
  "best_validation_recall-SAI": 0.979999999999999,
  "best_validation_f1-measure-SAI": 0.9751243781094017,
  "best_validation_precision-ART": 0.8703703703703688,
  "best_validation_recall-ART": 0.9399999999999982,
  "best_validation_f1-measure-ART": 0.9038461538461022,
  "best_validation_precision-SUP": 0.9900990099009895,
  "best_validation_recall-SUP": 0.9999999999999994,
  "best_validation_f1-measure-SUP": 0.99502487562184,
  "best_validation_precision-overall": 0.7270381836945304,
  "best_validation_recall-overall": 0.7077556761101065,
  "best_validation_f1-measure-overall": 0.7172673589899725,
  "best_validation_loss": 0.09024894040233274
}