{
  "best_epoch": 12,
  "peak_worker_0_memory_MB": 673.4140625,
  "training_duration": "0:09:20.248218",
  "training_start_epoch": 0,
  "training_epochs": 15,
  "epoch": 15,
  "training_precision-DMD": 0.9938271604938269,
  "training_recall-DMD": 0.9659999999999997,
  "training_f1-measure-DMD": 0.9797160243407206,
  "training_precision-CMP": 0.9470588235294115,
  "training_recall-CMP": 0.9659999999999997,
  "training_f1-measure-CMP": 0.9564356435643062,
  "training_precision-LOC": 0.7775762385217095,
  "training_recall-LOC": 0.7778407802222727,
  "training_f1-measure-LOC": 0.7777084868756232,
  "training_precision-DAT": 0.9938900203665986,
  "training_recall-DAT": 0.9759999999999998,
  "training_f1-measure-DAT": 0.9848637739656411,
  "training_precision-ORG": 0.6381437768240343,
  "training_recall-ORG": 0.636096256684492,
  "training_f1-measure-ORG": 0.6371183717192858,
  "training_precision-LRG": 0.9909729187562688,
  "training_recall-LRG": 0.988,
  "training_f1-measure-LRG": 0.9894842263394593,
  "training_precision-PER": 0.8286617951794089,
  "training_recall-PER": 0.8167257873804149,
  "training_f1-measure-PER": 0.8226504980510544,
  "training_precision-ART": 0.9601593625498006,
  "training_recall-ART": 0.9639999999999997,
  "training_f1-measure-ART": 0.962075848303343,
  "training_precision-SAI": 0.9900596421471172,
  "training_recall-SAI": 0.9959999999999999,
  "training_f1-measure-SAI": 0.9930209371883846,
  "training_precision-SUP": 0.9969758064516129,
  "training_recall-SUP": 0.989,
  "training_f1-measure-SUP": 0.9929718875501508,
  "training_precision-overall": 0.8268098009828866,
  "training_recall-overall": 0.8219396417310557,
  "training_f1-measure-overall": 0.8243675284959188,
  "training_loss": 0.0412742946686416,
  "training_worker_0_memory_MB": 673.4140625,
  "validation_precision-DMD": 0.9199999999999982,
  "validation_recall-DMD": 0.9199999999999982,
  "validation_f1-measure-DMD": 0.9199999999999482,
  "validation_precision-CMP": 0.9411764705882335,
  "validation_recall-CMP": 0.9599999999999981,
  "validation_f1-measure-CMP": 0.9504950495048987,
  "validation_precision-LOC": 0.6778042959427207,
  "validation_recall-LOC": 0.7193515704154002,
  "validation_f1-measure-LOC": 0.6979601867780282,
  "validation_precision-DAT": 0.8749999999999984,
  "validation_recall-DAT": 0.9799999999999981,
  "validation_f1-measure-DAT": 0.924528301886741,
  "validation_precision-ORG": 0.5052710843373494,
  "validation_recall-ORG": 0.5045112781954887,
  "validation_f1-measure-ORG": 0.5048908954100327,
  "validation_precision-LRG": 0.9523809523809519,
  "validation_recall-LRG": 0.9999999999999994,
  "validation_f1-measure-LRG": 0.9756097560975105,
  "validation_precision-PER": 0.7968548594998711,
  "validation_recall-PER": 0.7774144869215291,
  "validation_f1-measure-PER": 0.7870146403564109,
  "validation_precision-SAI": 0.9417475728155331,
  "validation_recall-SAI": 0.9699999999999991,
  "validation_f1-measure-SAI": 0.9556650246304911,
  "validation_precision-ART": 0.9056603773584889,
  "validation_recall-ART": 0.9599999999999981,
  "validation_f1-measure-ART": 0.9320388349514046,
  "validation_precision-SUP": 0.9756097560975604,
  "validation_recall-SUP": 0.9999999999999994,
  "validation_f1-measure-SUP": 0.9876543209876038,
  "validation_precision-overall": 0.72,
  "validation_recall-overall": 0.7323688969258589,
  "validation_f1-measure-overall": 0.7261317794710394,
  "validation_loss": 0.0923258689325697,
  "best_validation_precision-DMD": 0.9423076923076905,
  "best_validation_recall-DMD": 0.9799999999999981,
  "best_validation_f1-measure-DMD": 0.9607843137254385,
  "best_validation_precision-CMP": 0.9599999999999981,
  "best_validation_recall-CMP": 0.9599999999999981,
  "best_validation_f1-measure-CMP": 0.9599999999999481,
  "best_validation_precision-LOC": 0.7421097526300825,
  "best_validation_recall-LOC": 0.6610942249240122,
  "best_validation_f1-measure-LOC": 0.6992632283991466,
  "best_validation_precision-DAT": 0.9795918367346919,
  "best_validation_recall-DAT": 0.9599999999999981,
  "best_validation_f1-measure-DAT": 0.9696969696969178,
  "best_validation_precision-ORG": 0.4899919935948759,
  "best_validation_recall-ORG": 0.46015037593984964,
  "best_validation_f1-measure-ORG": 0.4746025591313964,
  "best_validation_precision-LRG": 0.9754901960784308,
  "best_validation_recall-LRG": 0.9949999999999994,
  "best_validation_f1-measure-LRG": 0.9851485148514346,
  "best_validation_precision-PER": 0.7440645773979108,
  "best_validation_recall-PER": 0.7882293762575453,
  "best_validation_f1-measure-PER": 0.7655105031753286,
  "best_validation_precision-SAI": 0.9702970297029694,
  "best_validation_recall-SAI": 0.979999999999999,
  "best_validation_f1-measure-SAI": 0.9751243781094017,
  "best_validation_precision-ART": 0.8703703703703688,
  "best_validation_recall-ART": 0.9399999999999982,
  "best_validation_f1-measure-ART": 0.9038461538461022,
  "best_validation_precision-SUP": 0.9900990099009895,
  "best_validation_recall-SUP": 0.9999999999999994,
  "best_validation_f1-measure-SUP": 0.99502487562184,
  "best_validation_precision-overall": 0.7270381836945304,
  "best_validation_recall-overall": 0.7077556761101065,
  "best_validation_f1-measure-overall": 0.7172673589899725,
  "best_validation_loss": 0.09024894040233274
}