{
  "best_epoch": 0,
  "peak_worker_0_memory_MB": 586.90625,
  "training_duration": "0:00:36.005975",
  "training_start_epoch": 0,
  "training_epochs": 0,
  "epoch": 0,
  "training_precision-SAI": 0.010676156583629888,
  "training_recall-SAI": 0.0029999999999999996,
  "training_f1-measure-SAI": 0.004683840749380271,
  "training_precision-CMP": 0.0,
  "training_recall-CMP": 0.0,
  "training_f1-measure-CMP": 0.0,
  "training_precision-PER": 0.45146726862302483,
  "training_recall-PER": 0.27947973771901535,
  "training_f1-measure-PER": 0.34523967600579525,
  "training_precision-LRG": 0.7243589743589742,
  "training_recall-LRG": 0.2825,
  "training_f1-measure-LRG": 0.4064748201438445,
  "training_precision-ART": 0.0,
  "training_recall-ART": 0.0,
  "training_f1-measure-ART": 0.0,
  "training_precision-DMD": 0.0,
  "training_recall-DMD": 0.0,
  "training_f1-measure-DMD": 0.0,
  "training_precision-LOC": 0.3153299792838118,
  "training_recall-LOC": 0.24166477659333183,
  "training_f1-measure-LOC": 0.2736260914226525,
  "training_precision-DAT": 0.0,
  "training_recall-DAT": 0.0,
  "training_f1-measure-DAT": 0.0,
  "training_precision-ORG": 0.045454545454545414,
  "training_recall-ORG": 0.001336898395721925,
  "training_f1-measure-ORG": 0.0025974025973970463,
  "training_precision-SUP": 0.5268817204301074,
  "training_recall-SUP": 0.147,
  "training_f1-measure-SUP": 0.22986708365907454,
  "training_precision-overall": 0.39032213080462974,
  "training_recall-overall": 0.193964173105575,
  "training_f1-measure-overall": 0.2591486702311896,
  "training_loss": 0.23974750576397025,
  "training_worker_0_memory_MB": 586.90625,
  "validation_precision-SAI": 0.538461538461538,
  "validation_recall-SAI": 0.6299999999999993,
  "validation_f1-measure-SAI": 0.5806451612902723,
  "validation_precision-CMP": 0.0,
  "validation_recall-CMP": 0.0,
  "validation_f1-measure-CMP": 0.0,
  "validation_precision-PER": 0.6637887252412392,
  "validation_recall-PER": 0.3287223340040241,
  "validation_f1-measure-PER": 0.4396972245584082,
  "validation_precision-LRG": 0.7499999999999997,
  "validation_recall-LRG": 0.8249999999999995,
  "validation_f1-measure-LRG": 0.7857142857142354,
  "validation_precision-ART": 0.0,
  "validation_recall-ART": 0.0,
  "validation_f1-measure-ART": 0.0,
  "validation_precision-DMD": 0.0,
  "validation_recall-DMD": 0.0,
  "validation_f1-measure-DMD": 0.0,
  "validation_precision-LOC": 0.564437194127243,
  "validation_recall-LOC": 0.3505572441742654,
  "validation_f1-measure-LOC": 0.4324999999999527,
  "validation_precision-ORG": 0.14935064935064923,
  "validation_recall-ORG": 0.017293233082706767,
  "validation_f1-measure-ORG": 0.03099730458219164,
  "validation_precision-DAT": 0.0,
  "validation_recall-DAT": 0.0,
  "validation_f1-measure-DAT": 0.0,
  "validation_precision-SUP": 0.7894736842105259,
  "validation_recall-SUP": 0.8249999999999995,
  "validation_f1-measure-SUP": 0.8068459657701208,
  "validation_precision-overall": 0.6027158098933074,
  "validation_recall-overall": 0.31213582479405266,
  "validation_f1-measure-overall": 0.41127804619758557,
  "validation_loss": 0.17812618415539055,
  "best_validation_precision-SAI": 0.538461538461538,
  "best_validation_recall-SAI": 0.6299999999999993,
  "best_validation_f1-measure-SAI": 0.5806451612902723,
  "best_validation_precision-CMP": 0.0,
  "best_validation_recall-CMP": 0.0,
  "best_validation_f1-measure-CMP": 0.0,
  "best_validation_precision-PER": 0.6637887252412392,
  "best_validation_recall-PER": 0.3287223340040241,
  "best_validation_f1-measure-PER": 0.4396972245584082,
  "best_validation_precision-LRG": 0.7499999999999997,
  "best_validation_recall-LRG": 0.8249999999999995,
  "best_validation_f1-measure-LRG": 0.7857142857142354,
  "best_validation_precision-ART": 0.0,
  "best_validation_recall-ART": 0.0,
  "best_validation_f1-measure-ART": 0.0,
  "best_validation_precision-DMD": 0.0,
  "best_validation_recall-DMD": 0.0,
  "best_validation_f1-measure-DMD": 0.0,
  "best_validation_precision-LOC": 0.564437194127243,
  "best_validation_recall-LOC": 0.3505572441742654,
  "best_validation_f1-measure-LOC": 0.4324999999999527,
  "best_validation_precision-ORG": 0.14935064935064923,
  "best_validation_recall-ORG": 0.017293233082706767,
  "best_validation_f1-measure-ORG": 0.03099730458219164,
  "best_validation_precision-DAT": 0.0,
  "best_validation_recall-DAT": 0.0,
  "best_validation_f1-measure-DAT": 0.0,
  "best_validation_precision-SUP": 0.7894736842105259,
  "best_validation_recall-SUP": 0.8249999999999995,
  "best_validation_f1-measure-SUP": 0.8068459657701208,
  "best_validation_precision-overall": 0.6027158098933074,
  "best_validation_recall-overall": 0.31213582479405266,
  "best_validation_f1-measure-overall": 0.41127804619758557,
  "best_validation_loss": 0.17812618415539055
}