{
  "best_epoch": 14,
  "peak_worker_0_memory_MB": 687.5,
  "training_duration": "0:10:45.038701",
  "training_start_epoch": 0,
  "training_epochs": 17,
  "epoch": 17,
  "training_precision-SAI": 0.990049751243781,
  "training_recall-SAI": 0.9949999999999999,
  "training_f1-measure-SAI": 0.9925187032418452,
  "training_precision-CMP": 0.9166666666666665,
  "training_recall-CMP": 0.9459999999999997,
  "training_f1-measure-CMP": 0.9311023622046742,
  "training_precision-PER": 0.8319218241042345,
  "training_recall-PER": 0.8236052886165753,
  "training_f1-measure-PER": 0.8277426673148099,
  "training_precision-LRG": 0.994994994994995,
  "training_recall-LRG": 0.994,
  "training_f1-measure-LRG": 0.9944972486242621,
  "training_precision-ART": 0.9680638722554888,
  "training_recall-ART": 0.9699999999999998,
  "training_f1-measure-ART": 0.9690309690309188,
  "training_precision-DMD": 0.9602510460251044,
  "training_recall-DMD": 0.9179999999999998,
  "training_f1-measure-DMD": 0.9386503067484161,
  "training_precision-LOC": 0.7838897602509522,
  "training_recall-LOC": 0.7934905874347925,
  "training_f1-measure-LOC": 0.7886609558160005,
  "training_precision-DAT": 0.9831578947368419,
  "training_recall-DAT": 0.9339999999999998,
  "training_f1-measure-DAT": 0.9579487179486679,
  "training_precision-ORG": 0.5763907025332985,
  "training_recall-ORG": 0.5901069518716577,
  "training_f1-measure-ORG": 0.5831681860218817,
  "training_precision-SUP": 0.9949974987493747,
  "training_recall-SUP": 0.9945,
  "training_f1-measure-SUP": 0.994748687171743,
  "training_precision-overall": 0.8197809033417424,
  "training_recall-overall": 0.8219396417310557,
  "training_f1-measure-overall": 0.8208588532474673,
  "training_loss": 0.03990476537998208,
  "training_worker_0_memory_MB": 687.5,
  "validation_precision-SAI": 0.999999999999999,
  "validation_recall-SAI": 0.999999999999999,
  "validation_f1-measure-SAI": 0.9999999999999489,
  "validation_precision-CMP": 0.8076923076923062,
  "validation_recall-CMP": 0.8399999999999983,
  "validation_f1-measure-CMP": 0.8235294117646543,
  "validation_precision-PER": 0.7402923709456373,
  "validation_recall-PER": 0.8151408450704225,
  "validation_f1-measure-PER": 0.7759157289920497,
  "validation_precision-LRG": 0.9898989898989893,
  "validation_recall-LRG": 0.9799999999999994,
  "validation_f1-measure-LRG": 0.9849246231155273,
  "validation_precision-ART": 0.9215686274509786,
  "validation_recall-ART": 0.9399999999999982,
  "validation_f1-measure-ART": 0.930693069306879,
  "validation_precision-DMD": 0.9512195121951197,
  "validation_recall-DMD": 0.7799999999999985,
  "validation_f1-measure-DMD": 0.8571428571428058,
  "validation_precision-LOC": 0.7457205963556046,
  "validation_recall-LOC": 0.6841438703140831,
  "validation_f1-measure-LOC": 0.7136063408189726,
  "validation_precision-ORG": 0.49459193706981314,
  "validation_recall-ORG": 0.37819548872180453,
  "validation_f1-measure-ORG": 0.4286322965487365,
  "validation_precision-DAT": 0.9591836734693858,
  "validation_recall-DAT": 0.9399999999999982,
  "validation_f1-measure-DAT": 0.9494949494948975,
  "validation_precision-SUP": 0.99502487562189,
  "validation_recall-SUP": 0.9999999999999994,
  "validation_f1-measure-SUP": 0.9975062344139145,
  "validation_precision-overall": 0.7329282109383046,
  "validation_recall-overall": 0.7148884870403858,
  "validation_f1-measure-overall": 0.7237959619589593,
  "validation_loss": 0.09432922859389663,
  "best_validation_precision-SAI": 0.999999999999999,
  "best_validation_recall-SAI": 0.999999999999999,
  "best_validation_f1-measure-SAI": 0.9999999999999489,
  "best_validation_precision-CMP": 0.9230769230769214,
  "best_validation_recall-CMP": 0.9599999999999981,
  "best_validation_f1-measure-CMP": 0.9411764705881837,
  "best_validation_precision-PER": 0.7869098176367724,
  "best_validation_recall-PER": 0.7922535211267606,
  "best_validation_f1-measure-PER": 0.7895726281488408,
  "best_validation_precision-LRG": 0.9999999999999994,
  "best_validation_recall-LRG": 0.9999999999999994,
  "best_validation_f1-measure-LRG": 0.9999999999999494,
  "best_validation_precision-ART": 0.9411764705882335,
  "best_validation_recall-ART": 0.9599999999999981,
  "best_validation_f1-measure-ART": 0.9504950495048987,
  "best_validation_precision-DMD": 0.9756097560975586,
  "best_validation_recall-DMD": 0.7999999999999984,
  "best_validation_f1-measure-DMD": 0.8791208791208278,
  "best_validation_precision-LOC": 0.7406292749658002,
  "best_validation_recall-LOC": 0.6856636271529889,
  "best_validation_f1-measure-LOC": 0.7120873339470762,
  "best_validation_precision-ORG": 0.4882096069868996,
  "best_validation_recall-ORG": 0.42030075187969923,
  "best_validation_f1-measure-ORG": 0.451717171717122,
  "best_validation_precision-DAT": 0.9347826086956501,
  "best_validation_recall-DAT": 0.8599999999999983,
  "best_validation_f1-measure-DAT": 0.8958333333332816,
  "best_validation_precision-SUP": 0.9999999999999994,
  "best_validation_recall-SUP": 0.9999999999999994,
  "best_validation_f1-measure-SUP": 0.9999999999999494,
  "best_validation_precision-overall": 0.7473928157589803,
  "best_validation_recall-overall": 0.7127787823990356,
  "best_validation_f1-measure-overall": 0.72967552835908,
  "best_validation_loss": 0.08831535793650046
}